2025-07-10T15:47:07: ❌ [Database] Conexión fallida: TypeError: Cannot read properties of undefined (reading 'startsWith')
2025-07-10T15:47:07:     at connectionStringHasValidScheme (/home/gti/teamlens/backend_teamlens/node_modules/mongodb-connection-string-url/lib/index.js:9:30)
2025-07-10T15:47:07:     at new ConnectionString (/home/gti/teamlens/backend_teamlens/node_modules/mongodb-connection-string-url/lib/index.js:85:34)
2025-07-10T15:47:07:     at parseOptions (/home/gti/teamlens/backend_teamlens/node_modules/mongodb/lib/connection_string.js:191:17)
2025-07-10T15:47:07:     at new MongoClient (/home/gti/teamlens/backend_teamlens/node_modules/mongodb/lib/mongo_client.js:51:63)
2025-07-10T15:47:07:     at connectToDatabase (/home/gti/teamlens/backend_teamlens/build/services/database.service.js:184:22)
2025-07-10T15:47:07:     at Object.<anonymous> (/home/gti/teamlens/backend_teamlens/build/index.js:28:42)
2025-07-10T15:47:07:     at Module._compile (node:internal/modules/cjs/loader:1529:14)
2025-07-10T15:47:07:     at Module._extensions..js (node:internal/modules/cjs/loader:1613:10)
2025-07-10T15:47:07:     at Module.load (node:internal/modules/cjs/loader:1275:32)
2025-07-10T15:47:07:     at Module._load (node:internal/modules/cjs/loader:1096:12)
2025-07-10T15:47:08: ❌ [Database] Conexión fallida: TypeError: Cannot read properties of undefined (reading 'startsWith')
2025-07-10T15:47:08:     at connectionStringHasValidScheme (/home/gti/teamlens/backend_teamlens/node_modules/mongodb-connection-string-url/lib/index.js:9:30)
2025-07-10T15:47:08:     at new ConnectionString (/home/gti/teamlens/backend_teamlens/node_modules/mongodb-connection-string-url/lib/index.js:85:34)
2025-07-10T15:47:08:     at parseOptions (/home/gti/teamlens/backend_teamlens/node_modules/mongodb/lib/connection_string.js:191:17)
2025-07-10T15:47:08:     at new MongoClient (/home/gti/teamlens/backend_teamlens/node_modules/mongodb/lib/mongo_client.js:51:63)
2025-07-10T15:47:08:     at connectToDatabase (/home/gti/teamlens/backend_teamlens/build/services/database.service.js:184:22)
2025-07-10T15:47:08:     at Object.<anonymous> (/home/gti/teamlens/backend_teamlens/build/index.js:28:42)
2025-07-10T15:47:08:     at Module._compile (node:internal/modules/cjs/loader:1529:14)
2025-07-10T15:47:08:     at Module._extensions..js (node:internal/modules/cjs/loader:1613:10)
2025-07-10T15:47:08:     at Module.load (node:internal/modules/cjs/loader:1275:32)
2025-07-10T15:47:08:     at Module._load (node:internal/modules/cjs/loader:1096:12)
2025-07-10T15:47:08: ❌ [Database] Conexión fallida: TypeError: Cannot read properties of undefined (reading 'startsWith')
2025-07-10T15:47:08:     at connectionStringHasValidScheme (/home/gti/teamlens/backend_teamlens/node_modules/mongodb-connection-string-url/lib/index.js:9:30)
2025-07-10T15:47:08:     at new ConnectionString (/home/gti/teamlens/backend_teamlens/node_modules/mongodb-connection-string-url/lib/index.js:85:34)
2025-07-10T15:47:08:     at parseOptions (/home/gti/teamlens/backend_teamlens/node_modules/mongodb/lib/connection_string.js:191:17)
2025-07-10T15:47:08:     at new MongoClient (/home/gti/teamlens/backend_teamlens/node_modules/mongodb/lib/mongo_client.js:51:63)
2025-07-10T15:47:08:     at connectToDatabase (/home/gti/teamlens/backend_teamlens/build/services/database.service.js:184:22)
2025-07-10T15:47:08:     at Object.<anonymous> (/home/gti/teamlens/backend_teamlens/build/index.js:28:42)
2025-07-10T15:47:08:     at Module._compile (node:internal/modules/cjs/loader:1529:14)
2025-07-10T15:47:08:     at Module._extensions..js (node:internal/modules/cjs/loader:1613:10)
2025-07-10T15:47:08:     at Module.load (node:internal/modules/cjs/loader:1275:32)
2025-07-10T15:47:08:     at Module._load (node:internal/modules/cjs/loader:1096:12)
2025-07-10T15:47:09: ❌ [Database] Conexión fallida: TypeError: Cannot read properties of undefined (reading 'startsWith')
2025-07-10T15:47:09:     at connectionStringHasValidScheme (/home/gti/teamlens/backend_teamlens/node_modules/mongodb-connection-string-url/lib/index.js:9:30)
2025-07-10T15:47:09:     at new ConnectionString (/home/gti/teamlens/backend_teamlens/node_modules/mongodb-connection-string-url/lib/index.js:85:34)
2025-07-10T15:47:09:     at parseOptions (/home/gti/teamlens/backend_teamlens/node_modules/mongodb/lib/connection_string.js:191:17)
2025-07-10T15:47:09:     at new MongoClient (/home/gti/teamlens/backend_teamlens/node_modules/mongodb/lib/mongo_client.js:51:63)
2025-07-10T15:47:09:     at connectToDatabase (/home/gti/teamlens/backend_teamlens/build/services/database.service.js:184:22)
2025-07-10T15:47:09:     at Object.<anonymous> (/home/gti/teamlens/backend_teamlens/build/index.js:28:42)
2025-07-10T15:47:09:     at Module._compile (node:internal/modules/cjs/loader:1529:14)
2025-07-10T15:47:09:     at Module._extensions..js (node:internal/modules/cjs/loader:1613:10)
2025-07-10T15:47:09:     at Module.load (node:internal/modules/cjs/loader:1275:32)
2025-07-10T15:47:09:     at Module._load (node:internal/modules/cjs/loader:1096:12)
2025-07-10T15:47:10: ❌ [Database] Conexión fallida: TypeError: Cannot read properties of undefined (reading 'startsWith')
2025-07-10T15:47:10:     at connectionStringHasValidScheme (/home/gti/teamlens/backend_teamlens/node_modules/mongodb-connection-string-url/lib/index.js:9:30)
2025-07-10T15:47:10:     at new ConnectionString (/home/gti/teamlens/backend_teamlens/node_modules/mongodb-connection-string-url/lib/index.js:85:34)
2025-07-10T15:47:10:     at parseOptions (/home/gti/teamlens/backend_teamlens/node_modules/mongodb/lib/connection_string.js:191:17)
2025-07-10T15:47:10:     at new MongoClient (/home/gti/teamlens/backend_teamlens/node_modules/mongodb/lib/mongo_client.js:51:63)
2025-07-10T15:47:10:     at connectToDatabase (/home/gti/teamlens/backend_teamlens/build/services/database.service.js:184:22)
2025-07-10T15:47:10:     at Object.<anonymous> (/home/gti/teamlens/backend_teamlens/build/index.js:28:42)
2025-07-10T15:47:10:     at Module._compile (node:internal/modules/cjs/loader:1529:14)
2025-07-10T15:47:10:     at Module._extensions..js (node:internal/modules/cjs/loader:1613:10)
2025-07-10T15:47:10:     at Module.load (node:internal/modules/cjs/loader:1275:32)
2025-07-10T15:47:10:     at Module._load (node:internal/modules/cjs/loader:1096:12)
2025-07-10T15:47:11: ❌ [Database] Conexión fallida: TypeError: Cannot read properties of undefined (reading 'startsWith')
2025-07-10T15:47:11:     at connectionStringHasValidScheme (/home/gti/teamlens/backend_teamlens/node_modules/mongodb-connection-string-url/lib/index.js:9:30)
2025-07-10T15:47:11:     at new ConnectionString (/home/gti/teamlens/backend_teamlens/node_modules/mongodb-connection-string-url/lib/index.js:85:34)
2025-07-10T15:47:11:     at parseOptions (/home/gti/teamlens/backend_teamlens/node_modules/mongodb/lib/connection_string.js:191:17)
2025-07-10T15:47:11:     at new MongoClient (/home/gti/teamlens/backend_teamlens/node_modules/mongodb/lib/mongo_client.js:51:63)
2025-07-10T15:47:11:     at connectToDatabase (/home/gti/teamlens/backend_teamlens/build/services/database.service.js:184:22)
2025-07-10T15:47:11:     at Object.<anonymous> (/home/gti/teamlens/backend_teamlens/build/index.js:28:42)
2025-07-10T15:47:11:     at Module._compile (node:internal/modules/cjs/loader:1529:14)
2025-07-10T15:47:11:     at Module._extensions..js (node:internal/modules/cjs/loader:1613:10)
2025-07-10T15:47:11:     at Module.load (node:internal/modules/cjs/loader:1275:32)
2025-07-10T15:47:11:     at Module._load (node:internal/modules/cjs/loader:1096:12)
2025-07-10T15:47:12: ❌ [Database] Conexión fallida: TypeError: Cannot read properties of undefined (reading 'startsWith')
2025-07-10T15:47:12:     at connectionStringHasValidScheme (/home/gti/teamlens/backend_teamlens/node_modules/mongodb-connection-string-url/lib/index.js:9:30)
2025-07-10T15:47:12:     at new ConnectionString (/home/gti/teamlens/backend_teamlens/node_modules/mongodb-connection-string-url/lib/index.js:85:34)
2025-07-10T15:47:12:     at parseOptions (/home/gti/teamlens/backend_teamlens/node_modules/mongodb/lib/connection_string.js:191:17)
2025-07-10T15:47:12:     at new MongoClient (/home/gti/teamlens/backend_teamlens/node_modules/mongodb/lib/mongo_client.js:51:63)
2025-07-10T15:47:12:     at connectToDatabase (/home/gti/teamlens/backend_teamlens/build/services/database.service.js:184:22)
2025-07-10T15:47:12:     at Object.<anonymous> (/home/gti/teamlens/backend_teamlens/build/index.js:28:42)
2025-07-10T15:47:12:     at Module._compile (node:internal/modules/cjs/loader:1529:14)
2025-07-10T15:47:12:     at Module._extensions..js (node:internal/modules/cjs/loader:1613:10)
2025-07-10T15:47:12:     at Module.load (node:internal/modules/cjs/loader:1275:32)
2025-07-10T15:47:12:     at Module._load (node:internal/modules/cjs/loader:1096:12)
2025-07-10T15:47:13: ❌ [Database] Conexión fallida: TypeError: Cannot read properties of undefined (reading 'startsWith')
2025-07-10T15:47:13:     at connectionStringHasValidScheme (/home/gti/teamlens/backend_teamlens/node_modules/mongodb-connection-string-url/lib/index.js:9:30)
2025-07-10T15:47:13:     at new ConnectionString (/home/gti/teamlens/backend_teamlens/node_modules/mongodb-connection-string-url/lib/index.js:85:34)
2025-07-10T15:47:13:     at parseOptions (/home/gti/teamlens/backend_teamlens/node_modules/mongodb/lib/connection_string.js:191:17)
2025-07-10T15:47:13:     at new MongoClient (/home/gti/teamlens/backend_teamlens/node_modules/mongodb/lib/mongo_client.js:51:63)
2025-07-10T15:47:13:     at connectToDatabase (/home/gti/teamlens/backend_teamlens/build/services/database.service.js:184:22)
2025-07-10T15:47:13:     at Object.<anonymous> (/home/gti/teamlens/backend_teamlens/build/index.js:28:42)
2025-07-10T15:47:13:     at Module._compile (node:internal/modules/cjs/loader:1529:14)
2025-07-10T15:47:13:     at Module._extensions..js (node:internal/modules/cjs/loader:1613:10)
2025-07-10T15:47:13:     at Module.load (node:internal/modules/cjs/loader:1275:32)
2025-07-10T15:47:13:     at Module._load (node:internal/modules/cjs/loader:1096:12)
2025-07-10T15:47:14: ❌ [Database] Conexión fallida: TypeError: Cannot read properties of undefined (reading 'startsWith')
2025-07-10T15:47:14:     at connectionStringHasValidScheme (/home/gti/teamlens/backend_teamlens/node_modules/mongodb-connection-string-url/lib/index.js:9:30)
2025-07-10T15:47:14:     at new ConnectionString (/home/gti/teamlens/backend_teamlens/node_modules/mongodb-connection-string-url/lib/index.js:85:34)
2025-07-10T15:47:14:     at parseOptions (/home/gti/teamlens/backend_teamlens/node_modules/mongodb/lib/connection_string.js:191:17)
2025-07-10T15:47:14:     at new MongoClient (/home/gti/teamlens/backend_teamlens/node_modules/mongodb/lib/mongo_client.js:51:63)
2025-07-10T15:47:14:     at connectToDatabase (/home/gti/teamlens/backend_teamlens/build/services/database.service.js:184:22)
2025-07-10T15:47:14:     at Object.<anonymous> (/home/gti/teamlens/backend_teamlens/build/index.js:28:42)
2025-07-10T15:47:14:     at Module._compile (node:internal/modules/cjs/loader:1529:14)
2025-07-10T15:47:14:     at Module._extensions..js (node:internal/modules/cjs/loader:1613:10)
2025-07-10T15:47:14:     at Module.load (node:internal/modules/cjs/loader:1275:32)
2025-07-10T15:47:14:     at Module._load (node:internal/modules/cjs/loader:1096:12)
2025-07-10T15:47:15: ❌ [Database] Conexión fallida: TypeError: Cannot read properties of undefined (reading 'startsWith')
2025-07-10T15:47:15:     at connectionStringHasValidScheme (/home/gti/teamlens/backend_teamlens/node_modules/mongodb-connection-string-url/lib/index.js:9:30)
2025-07-10T15:47:15:     at new ConnectionString (/home/gti/teamlens/backend_teamlens/node_modules/mongodb-connection-string-url/lib/index.js:85:34)
2025-07-10T15:47:15:     at parseOptions (/home/gti/teamlens/backend_teamlens/node_modules/mongodb/lib/connection_string.js:191:17)
2025-07-10T15:47:15:     at new MongoClient (/home/gti/teamlens/backend_teamlens/node_modules/mongodb/lib/mongo_client.js:51:63)
2025-07-10T15:47:15:     at connectToDatabase (/home/gti/teamlens/backend_teamlens/build/services/database.service.js:184:22)
2025-07-10T15:47:15:     at Object.<anonymous> (/home/gti/teamlens/backend_teamlens/build/index.js:28:42)
2025-07-10T15:47:15:     at Module._compile (node:internal/modules/cjs/loader:1529:14)
2025-07-10T15:47:15:     at Module._extensions..js (node:internal/modules/cjs/loader:1613:10)
2025-07-10T15:47:15:     at Module.load (node:internal/modules/cjs/loader:1275:32)
2025-07-10T15:47:15:     at Module._load (node:internal/modules/cjs/loader:1096:12)
2025-07-10T15:47:16: ❌ [Database] Conexión fallida: TypeError: Cannot read properties of undefined (reading 'startsWith')
2025-07-10T15:47:16:     at connectionStringHasValidScheme (/home/gti/teamlens/backend_teamlens/node_modules/mongodb-connection-string-url/lib/index.js:9:30)
2025-07-10T15:47:16:     at new ConnectionString (/home/gti/teamlens/backend_teamlens/node_modules/mongodb-connection-string-url/lib/index.js:85:34)
2025-07-10T15:47:16:     at parseOptions (/home/gti/teamlens/backend_teamlens/node_modules/mongodb/lib/connection_string.js:191:17)
2025-07-10T15:47:16:     at new MongoClient (/home/gti/teamlens/backend_teamlens/node_modules/mongodb/lib/mongo_client.js:51:63)
2025-07-10T15:47:16:     at connectToDatabase (/home/gti/teamlens/backend_teamlens/build/services/database.service.js:184:22)
2025-07-10T15:47:16:     at Object.<anonymous> (/home/gti/teamlens/backend_teamlens/build/index.js:28:42)
2025-07-10T15:47:16:     at Module._compile (node:internal/modules/cjs/loader:1529:14)
2025-07-10T15:47:16:     at Module._extensions..js (node:internal/modules/cjs/loader:1613:10)
2025-07-10T15:47:16:     at Module.load (node:internal/modules/cjs/loader:1275:32)
2025-07-10T15:47:16:     at Module._load (node:internal/modules/cjs/loader:1096:12)
2025-07-10T15:47:17: ❌ [Database] Conexión fallida: TypeError: Cannot read properties of undefined (reading 'startsWith')
2025-07-10T15:47:17:     at connectionStringHasValidScheme (/home/gti/teamlens/backend_teamlens/node_modules/mongodb-connection-string-url/lib/index.js:9:30)
2025-07-10T15:47:17:     at new ConnectionString (/home/gti/teamlens/backend_teamlens/node_modules/mongodb-connection-string-url/lib/index.js:85:34)
2025-07-10T15:47:17:     at parseOptions (/home/gti/teamlens/backend_teamlens/node_modules/mongodb/lib/connection_string.js:191:17)
2025-07-10T15:47:17:     at new MongoClient (/home/gti/teamlens/backend_teamlens/node_modules/mongodb/lib/mongo_client.js:51:63)
2025-07-10T15:47:17:     at connectToDatabase (/home/gti/teamlens/backend_teamlens/build/services/database.service.js:184:22)
2025-07-10T15:47:17:     at Object.<anonymous> (/home/gti/teamlens/backend_teamlens/build/index.js:28:42)
2025-07-10T15:47:17:     at Module._compile (node:internal/modules/cjs/loader:1529:14)
2025-07-10T15:47:17:     at Module._extensions..js (node:internal/modules/cjs/loader:1613:10)
2025-07-10T15:47:17:     at Module.load (node:internal/modules/cjs/loader:1275:32)
2025-07-10T15:47:17:     at Module._load (node:internal/modules/cjs/loader:1096:12)
2025-07-10T15:47:18: ❌ [Database] Conexión fallida: TypeError: Cannot read properties of undefined (reading 'startsWith')
2025-07-10T15:47:18:     at connectionStringHasValidScheme (/home/gti/teamlens/backend_teamlens/node_modules/mongodb-connection-string-url/lib/index.js:9:30)
2025-07-10T15:47:18:     at new ConnectionString (/home/gti/teamlens/backend_teamlens/node_modules/mongodb-connection-string-url/lib/index.js:85:34)
2025-07-10T15:47:18:     at parseOptions (/home/gti/teamlens/backend_teamlens/node_modules/mongodb/lib/connection_string.js:191:17)
2025-07-10T15:47:18:     at new MongoClient (/home/gti/teamlens/backend_teamlens/node_modules/mongodb/lib/mongo_client.js:51:63)
2025-07-10T15:47:18:     at connectToDatabase (/home/gti/teamlens/backend_teamlens/build/services/database.service.js:184:22)
2025-07-10T15:47:18:     at Object.<anonymous> (/home/gti/teamlens/backend_teamlens/build/index.js:28:42)
2025-07-10T15:47:18:     at Module._compile (node:internal/modules/cjs/loader:1529:14)
2025-07-10T15:47:18:     at Module._extensions..js (node:internal/modules/cjs/loader:1613:10)
2025-07-10T15:47:18:     at Module.load (node:internal/modules/cjs/loader:1275:32)
2025-07-10T15:47:18:     at Module._load (node:internal/modules/cjs/loader:1096:12)
2025-07-10T15:47:19: ❌ [Database] Conexión fallida: TypeError: Cannot read properties of undefined (reading 'startsWith')
2025-07-10T15:47:19:     at connectionStringHasValidScheme (/home/gti/teamlens/backend_teamlens/node_modules/mongodb-connection-string-url/lib/index.js:9:30)
2025-07-10T15:47:19:     at new ConnectionString (/home/gti/teamlens/backend_teamlens/node_modules/mongodb-connection-string-url/lib/index.js:85:34)
2025-07-10T15:47:19:     at parseOptions (/home/gti/teamlens/backend_teamlens/node_modules/mongodb/lib/connection_string.js:191:17)
2025-07-10T15:47:19:     at new MongoClient (/home/gti/teamlens/backend_teamlens/node_modules/mongodb/lib/mongo_client.js:51:63)
2025-07-10T15:47:19:     at connectToDatabase (/home/gti/teamlens/backend_teamlens/build/services/database.service.js:184:22)
2025-07-10T15:47:19:     at Object.<anonymous> (/home/gti/teamlens/backend_teamlens/build/index.js:28:42)
2025-07-10T15:47:19:     at Module._compile (node:internal/modules/cjs/loader:1529:14)
2025-07-10T15:47:19:     at Module._extensions..js (node:internal/modules/cjs/loader:1613:10)
2025-07-10T15:47:19:     at Module.load (node:internal/modules/cjs/loader:1275:32)
2025-07-10T15:47:19:     at Module._load (node:internal/modules/cjs/loader:1096:12)
2025-07-10T15:47:20: ❌ [Database] Conexión fallida: TypeError: Cannot read properties of undefined (reading 'startsWith')
2025-07-10T15:47:20:     at connectionStringHasValidScheme (/home/gti/teamlens/backend_teamlens/node_modules/mongodb-connection-string-url/lib/index.js:9:30)
2025-07-10T15:47:20:     at new ConnectionString (/home/gti/teamlens/backend_teamlens/node_modules/mongodb-connection-string-url/lib/index.js:85:34)
2025-07-10T15:47:20:     at parseOptions (/home/gti/teamlens/backend_teamlens/node_modules/mongodb/lib/connection_string.js:191:17)
2025-07-10T15:47:20:     at new MongoClient (/home/gti/teamlens/backend_teamlens/node_modules/mongodb/lib/mongo_client.js:51:63)
2025-07-10T15:47:20:     at connectToDatabase (/home/gti/teamlens/backend_teamlens/build/services/database.service.js:184:22)
2025-07-10T15:47:20:     at Object.<anonymous> (/home/gti/teamlens/backend_teamlens/build/index.js:28:42)
2025-07-10T15:47:20:     at Module._compile (node:internal/modules/cjs/loader:1529:14)
2025-07-10T15:47:20:     at Module._extensions..js (node:internal/modules/cjs/loader:1613:10)
2025-07-10T15:47:20:     at Module.load (node:internal/modules/cjs/loader:1275:32)
2025-07-10T15:47:20:     at Module._load (node:internal/modules/cjs/loader:1096:12)
2025-07-10T15:47:21: ❌ [Database] Conexión fallida: TypeError: Cannot read properties of undefined (reading 'startsWith')
2025-07-10T15:47:21:     at connectionStringHasValidScheme (/home/gti/teamlens/backend_teamlens/node_modules/mongodb-connection-string-url/lib/index.js:9:30)
2025-07-10T15:47:21:     at new ConnectionString (/home/gti/teamlens/backend_teamlens/node_modules/mongodb-connection-string-url/lib/index.js:85:34)
2025-07-10T15:47:21:     at parseOptions (/home/gti/teamlens/backend_teamlens/node_modules/mongodb/lib/connection_string.js:191:17)
2025-07-10T15:47:21:     at new MongoClient (/home/gti/teamlens/backend_teamlens/node_modules/mongodb/lib/mongo_client.js:51:63)
2025-07-10T15:47:21:     at connectToDatabase (/home/gti/teamlens/backend_teamlens/build/services/database.service.js:184:22)
2025-07-10T15:47:21:     at Object.<anonymous> (/home/gti/teamlens/backend_teamlens/build/index.js:28:42)
2025-07-10T15:47:21:     at Module._compile (node:internal/modules/cjs/loader:1529:14)
2025-07-10T15:47:21:     at Module._extensions..js (node:internal/modules/cjs/loader:1613:10)
2025-07-10T15:47:21:     at Module.load (node:internal/modules/cjs/loader:1275:32)
2025-07-10T15:47:21:     at Module._load (node:internal/modules/cjs/loader:1096:12)
2025-07-10T15:47:21: ❌ [Database] Conexión fallida: TypeError: Cannot read properties of undefined (reading 'startsWith')
2025-07-10T15:47:21:     at connectionStringHasValidScheme (/home/gti/teamlens/backend_teamlens/node_modules/mongodb-connection-string-url/lib/index.js:9:30)
2025-07-10T15:47:21:     at new ConnectionString (/home/gti/teamlens/backend_teamlens/node_modules/mongodb-connection-string-url/lib/index.js:85:34)
2025-07-10T15:47:21:     at parseOptions (/home/gti/teamlens/backend_teamlens/node_modules/mongodb/lib/connection_string.js:191:17)
2025-07-10T15:47:21:     at new MongoClient (/home/gti/teamlens/backend_teamlens/node_modules/mongodb/lib/mongo_client.js:51:63)
2025-07-10T15:47:21:     at connectToDatabase (/home/gti/teamlens/backend_teamlens/build/services/database.service.js:184:22)
2025-07-10T15:47:21:     at Object.<anonymous> (/home/gti/teamlens/backend_teamlens/build/index.js:28:42)
2025-07-10T15:47:21:     at Module._compile (node:internal/modules/cjs/loader:1529:14)
2025-07-10T15:47:21:     at Module._extensions..js (node:internal/modules/cjs/loader:1613:10)
2025-07-10T15:47:21:     at Module.load (node:internal/modules/cjs/loader:1275:32)
2025-07-10T15:47:21:     at Module._load (node:internal/modules/cjs/loader:1096:12)
2025-07-10T15:47:22: ❌ [Database] Conexión fallida: TypeError: Cannot read properties of undefined (reading 'startsWith')
2025-07-10T15:47:22:     at connectionStringHasValidScheme (/home/gti/teamlens/backend_teamlens/node_modules/mongodb-connection-string-url/lib/index.js:9:30)
2025-07-10T15:47:22:     at new ConnectionString (/home/gti/teamlens/backend_teamlens/node_modules/mongodb-connection-string-url/lib/index.js:85:34)
2025-07-10T15:47:22:     at parseOptions (/home/gti/teamlens/backend_teamlens/node_modules/mongodb/lib/connection_string.js:191:17)
2025-07-10T15:47:22:     at new MongoClient (/home/gti/teamlens/backend_teamlens/node_modules/mongodb/lib/mongo_client.js:51:63)
2025-07-10T15:47:22:     at connectToDatabase (/home/gti/teamlens/backend_teamlens/build/services/database.service.js:184:22)
2025-07-10T15:47:22:     at Object.<anonymous> (/home/gti/teamlens/backend_teamlens/build/index.js:28:42)
2025-07-10T15:47:22:     at Module._compile (node:internal/modules/cjs/loader:1529:14)
2025-07-10T15:47:22:     at Module._extensions..js (node:internal/modules/cjs/loader:1613:10)
2025-07-10T15:47:22:     at Module.load (node:internal/modules/cjs/loader:1275:32)
2025-07-10T15:47:22:     at Module._load (node:internal/modules/cjs/loader:1096:12)
2025-07-10T15:47:23: ❌ [Database] Conexión fallida: TypeError: Cannot read properties of undefined (reading 'startsWith')
2025-07-10T15:47:23:     at connectionStringHasValidScheme (/home/gti/teamlens/backend_teamlens/node_modules/mongodb-connection-string-url/lib/index.js:9:30)
2025-07-10T15:47:23:     at new ConnectionString (/home/gti/teamlens/backend_teamlens/node_modules/mongodb-connection-string-url/lib/index.js:85:34)
2025-07-10T15:47:23:     at parseOptions (/home/gti/teamlens/backend_teamlens/node_modules/mongodb/lib/connection_string.js:191:17)
2025-07-10T15:47:23:     at new MongoClient (/home/gti/teamlens/backend_teamlens/node_modules/mongodb/lib/mongo_client.js:51:63)
2025-07-10T15:47:23:     at connectToDatabase (/home/gti/teamlens/backend_teamlens/build/services/database.service.js:184:22)
2025-07-10T15:47:23:     at Object.<anonymous> (/home/gti/teamlens/backend_teamlens/build/index.js:28:42)
2025-07-10T15:47:23:     at Module._compile (node:internal/modules/cjs/loader:1529:14)
2025-07-10T15:47:23:     at Module._extensions..js (node:internal/modules/cjs/loader:1613:10)
2025-07-10T15:47:23:     at Module.load (node:internal/modules/cjs/loader:1275:32)
2025-07-10T15:47:23:     at Module._load (node:internal/modules/cjs/loader:1096:12)
2025-07-10T15:47:24: ❌ [Database] Conexión fallida: TypeError: Cannot read properties of undefined (reading 'startsWith')
2025-07-10T15:47:24:     at connectionStringHasValidScheme (/home/gti/teamlens/backend_teamlens/node_modules/mongodb-connection-string-url/lib/index.js:9:30)
2025-07-10T15:47:24:     at new ConnectionString (/home/gti/teamlens/backend_teamlens/node_modules/mongodb-connection-string-url/lib/index.js:85:34)
2025-07-10T15:47:24:     at parseOptions (/home/gti/teamlens/backend_teamlens/node_modules/mongodb/lib/connection_string.js:191:17)
2025-07-10T15:47:24:     at new MongoClient (/home/gti/teamlens/backend_teamlens/node_modules/mongodb/lib/mongo_client.js:51:63)
2025-07-10T15:47:24:     at connectToDatabase (/home/gti/teamlens/backend_teamlens/build/services/database.service.js:184:22)
2025-07-10T15:47:24:     at Object.<anonymous> (/home/gti/teamlens/backend_teamlens/build/index.js:28:42)
2025-07-10T15:47:24:     at Module._compile (node:internal/modules/cjs/loader:1529:14)
2025-07-10T15:47:24:     at Module._extensions..js (node:internal/modules/cjs/loader:1613:10)
2025-07-10T15:47:24:     at Module.load (node:internal/modules/cjs/loader:1275:32)
2025-07-10T15:47:24:     at Module._load (node:internal/modules/cjs/loader:1096:12)
2025-07-10T15:47:25: ❌ [Database] Conexión fallida: TypeError: Cannot read properties of undefined (reading 'startsWith')
2025-07-10T15:47:25:     at connectionStringHasValidScheme (/home/gti/teamlens/backend_teamlens/node_modules/mongodb-connection-string-url/lib/index.js:9:30)
2025-07-10T15:47:25:     at new ConnectionString (/home/gti/teamlens/backend_teamlens/node_modules/mongodb-connection-string-url/lib/index.js:85:34)
2025-07-10T15:47:25:     at parseOptions (/home/gti/teamlens/backend_teamlens/node_modules/mongodb/lib/connection_string.js:191:17)
2025-07-10T15:47:25:     at new MongoClient (/home/gti/teamlens/backend_teamlens/node_modules/mongodb/lib/mongo_client.js:51:63)
2025-07-10T15:47:25:     at connectToDatabase (/home/gti/teamlens/backend_teamlens/build/services/database.service.js:184:22)
2025-07-10T15:47:25:     at Object.<anonymous> (/home/gti/teamlens/backend_teamlens/build/index.js:28:42)
2025-07-10T15:47:25:     at Module._compile (node:internal/modules/cjs/loader:1529:14)
2025-07-10T15:47:25:     at Module._extensions..js (node:internal/modules/cjs/loader:1613:10)
2025-07-10T15:47:25:     at Module.load (node:internal/modules/cjs/loader:1275:32)
2025-07-10T15:47:25:     at Module._load (node:internal/modules/cjs/loader:1096:12)
2025-07-10T15:47:26: ❌ [Database] Conexión fallida: TypeError: Cannot read properties of undefined (reading 'startsWith')
2025-07-10T15:47:26:     at connectionStringHasValidScheme (/home/gti/teamlens/backend_teamlens/node_modules/mongodb-connection-string-url/lib/index.js:9:30)
2025-07-10T15:47:26:     at new ConnectionString (/home/gti/teamlens/backend_teamlens/node_modules/mongodb-connection-string-url/lib/index.js:85:34)
2025-07-10T15:47:26:     at parseOptions (/home/gti/teamlens/backend_teamlens/node_modules/mongodb/lib/connection_string.js:191:17)
2025-07-10T15:47:26:     at new MongoClient (/home/gti/teamlens/backend_teamlens/node_modules/mongodb/lib/mongo_client.js:51:63)
2025-07-10T15:47:26:     at connectToDatabase (/home/gti/teamlens/backend_teamlens/build/services/database.service.js:184:22)
2025-07-10T15:47:26:     at Object.<anonymous> (/home/gti/teamlens/backend_teamlens/build/index.js:28:42)
2025-07-10T15:47:26:     at Module._compile (node:internal/modules/cjs/loader:1529:14)
2025-07-10T15:47:26:     at Module._extensions..js (node:internal/modules/cjs/loader:1613:10)
2025-07-10T15:47:26:     at Module.load (node:internal/modules/cjs/loader:1275:32)
2025-07-10T15:47:26:     at Module._load (node:internal/modules/cjs/loader:1096:12)
2025-07-10T15:47:27: ❌ [Database] Conexión fallida: TypeError: Cannot read properties of undefined (reading 'startsWith')
2025-07-10T15:47:27:     at connectionStringHasValidScheme (/home/gti/teamlens/backend_teamlens/node_modules/mongodb-connection-string-url/lib/index.js:9:30)
2025-07-10T15:47:27:     at new ConnectionString (/home/gti/teamlens/backend_teamlens/node_modules/mongodb-connection-string-url/lib/index.js:85:34)
2025-07-10T15:47:27:     at parseOptions (/home/gti/teamlens/backend_teamlens/node_modules/mongodb/lib/connection_string.js:191:17)
2025-07-10T15:47:27:     at new MongoClient (/home/gti/teamlens/backend_teamlens/node_modules/mongodb/lib/mongo_client.js:51:63)
2025-07-10T15:47:27:     at connectToDatabase (/home/gti/teamlens/backend_teamlens/build/services/database.service.js:184:22)
2025-07-10T15:47:27:     at Object.<anonymous> (/home/gti/teamlens/backend_teamlens/build/index.js:28:42)
2025-07-10T15:47:27:     at Module._compile (node:internal/modules/cjs/loader:1529:14)
2025-07-10T15:47:27:     at Module._extensions..js (node:internal/modules/cjs/loader:1613:10)
2025-07-10T15:47:27:     at Module.load (node:internal/modules/cjs/loader:1275:32)
2025-07-10T15:47:27:     at Module._load (node:internal/modules/cjs/loader:1096:12)
2025-07-10T15:47:28: ❌ [Database] Conexión fallida: TypeError: Cannot read properties of undefined (reading 'startsWith')
2025-07-10T15:47:28:     at connectionStringHasValidScheme (/home/gti/teamlens/backend_teamlens/node_modules/mongodb-connection-string-url/lib/index.js:9:30)
2025-07-10T15:47:28:     at new ConnectionString (/home/gti/teamlens/backend_teamlens/node_modules/mongodb-connection-string-url/lib/index.js:85:34)
2025-07-10T15:47:28:     at parseOptions (/home/gti/teamlens/backend_teamlens/node_modules/mongodb/lib/connection_string.js:191:17)
2025-07-10T15:47:28:     at new MongoClient (/home/gti/teamlens/backend_teamlens/node_modules/mongodb/lib/mongo_client.js:51:63)
2025-07-10T15:47:28:     at connectToDatabase (/home/gti/teamlens/backend_teamlens/build/services/database.service.js:184:22)
2025-07-10T15:47:28:     at Object.<anonymous> (/home/gti/teamlens/backend_teamlens/build/index.js:28:42)
2025-07-10T15:47:28:     at Module._compile (node:internal/modules/cjs/loader:1529:14)
2025-07-10T15:47:28:     at Module._extensions..js (node:internal/modules/cjs/loader:1613:10)
2025-07-10T15:47:28:     at Module.load (node:internal/modules/cjs/loader:1275:32)
2025-07-10T15:47:28:     at Module._load (node:internal/modules/cjs/loader:1096:12)
2025-07-10T15:47:29: ❌ [Database] Conexión fallida: TypeError: Cannot read properties of undefined (reading 'startsWith')
2025-07-10T15:47:29:     at connectionStringHasValidScheme (/home/gti/teamlens/backend_teamlens/node_modules/mongodb-connection-string-url/lib/index.js:9:30)
2025-07-10T15:47:29:     at new ConnectionString (/home/gti/teamlens/backend_teamlens/node_modules/mongodb-connection-string-url/lib/index.js:85:34)
2025-07-10T15:47:29:     at parseOptions (/home/gti/teamlens/backend_teamlens/node_modules/mongodb/lib/connection_string.js:191:17)
2025-07-10T15:47:29:     at new MongoClient (/home/gti/teamlens/backend_teamlens/node_modules/mongodb/lib/mongo_client.js:51:63)
2025-07-10T15:47:29:     at connectToDatabase (/home/gti/teamlens/backend_teamlens/build/services/database.service.js:184:22)
2025-07-10T15:47:29:     at Object.<anonymous> (/home/gti/teamlens/backend_teamlens/build/index.js:28:42)
2025-07-10T15:47:29:     at Module._compile (node:internal/modules/cjs/loader:1529:14)
2025-07-10T15:47:29:     at Module._extensions..js (node:internal/modules/cjs/loader:1613:10)
2025-07-10T15:47:29:     at Module.load (node:internal/modules/cjs/loader:1275:32)
2025-07-10T15:47:29:     at Module._load (node:internal/modules/cjs/loader:1096:12)
2025-07-10T15:47:29: ❌ [Database] Conexión fallida: TypeError: Cannot read properties of undefined (reading 'startsWith')
2025-07-10T15:47:29:     at connectionStringHasValidScheme (/home/gti/teamlens/backend_teamlens/node_modules/mongodb-connection-string-url/lib/index.js:9:30)
2025-07-10T15:47:29:     at new ConnectionString (/home/gti/teamlens/backend_teamlens/node_modules/mongodb-connection-string-url/lib/index.js:85:34)
2025-07-10T15:47:29:     at parseOptions (/home/gti/teamlens/backend_teamlens/node_modules/mongodb/lib/connection_string.js:191:17)
2025-07-10T15:47:29:     at new MongoClient (/home/gti/teamlens/backend_teamlens/node_modules/mongodb/lib/mongo_client.js:51:63)
2025-07-10T15:47:29:     at connectToDatabase (/home/gti/teamlens/backend_teamlens/build/services/database.service.js:184:22)
2025-07-10T15:47:29:     at Object.<anonymous> (/home/gti/teamlens/backend_teamlens/build/index.js:28:42)
2025-07-10T15:47:29:     at Module._compile (node:internal/modules/cjs/loader:1529:14)
2025-07-10T15:47:29:     at Module._extensions..js (node:internal/modules/cjs/loader:1613:10)
2025-07-10T15:47:29:     at Module.load (node:internal/modules/cjs/loader:1275:32)
2025-07-10T15:47:29:     at Module._load (node:internal/modules/cjs/loader:1096:12)
2025-07-10T15:47:30: ❌ [Database] Conexión fallida: TypeError: Cannot read properties of undefined (reading 'startsWith')
2025-07-10T15:47:30:     at connectionStringHasValidScheme (/home/gti/teamlens/backend_teamlens/node_modules/mongodb-connection-string-url/lib/index.js:9:30)
2025-07-10T15:47:30:     at new ConnectionString (/home/gti/teamlens/backend_teamlens/node_modules/mongodb-connection-string-url/lib/index.js:85:34)
2025-07-10T15:47:30:     at parseOptions (/home/gti/teamlens/backend_teamlens/node_modules/mongodb/lib/connection_string.js:191:17)
2025-07-10T15:47:30:     at new MongoClient (/home/gti/teamlens/backend_teamlens/node_modules/mongodb/lib/mongo_client.js:51:63)
2025-07-10T15:47:30:     at connectToDatabase (/home/gti/teamlens/backend_teamlens/build/services/database.service.js:184:22)
2025-07-10T15:47:30:     at Object.<anonymous> (/home/gti/teamlens/backend_teamlens/build/index.js:28:42)
2025-07-10T15:47:30:     at Module._compile (node:internal/modules/cjs/loader:1529:14)
2025-07-10T15:47:30:     at Module._extensions..js (node:internal/modules/cjs/loader:1613:10)
2025-07-10T15:47:30:     at Module.load (node:internal/modules/cjs/loader:1275:32)
2025-07-10T15:47:30:     at Module._load (node:internal/modules/cjs/loader:1096:12)
2025-07-10T15:47:31: ❌ [Database] Conexión fallida: TypeError: Cannot read properties of undefined (reading 'startsWith')
2025-07-10T15:47:31:     at connectionStringHasValidScheme (/home/gti/teamlens/backend_teamlens/node_modules/mongodb-connection-string-url/lib/index.js:9:30)
2025-07-10T15:47:31:     at new ConnectionString (/home/gti/teamlens/backend_teamlens/node_modules/mongodb-connection-string-url/lib/index.js:85:34)
2025-07-10T15:47:31:     at parseOptions (/home/gti/teamlens/backend_teamlens/node_modules/mongodb/lib/connection_string.js:191:17)
2025-07-10T15:47:31:     at new MongoClient (/home/gti/teamlens/backend_teamlens/node_modules/mongodb/lib/mongo_client.js:51:63)
2025-07-10T15:47:31:     at connectToDatabase (/home/gti/teamlens/backend_teamlens/build/services/database.service.js:184:22)
2025-07-10T15:47:31:     at Object.<anonymous> (/home/gti/teamlens/backend_teamlens/build/index.js:28:42)
2025-07-10T15:47:31:     at Module._compile (node:internal/modules/cjs/loader:1529:14)
2025-07-10T15:47:31:     at Module._extensions..js (node:internal/modules/cjs/loader:1613:10)
2025-07-10T15:47:31:     at Module.load (node:internal/modules/cjs/loader:1275:32)
2025-07-10T15:47:31:     at Module._load (node:internal/modules/cjs/loader:1096:12)
2025-07-10T15:47:32: ❌ [Database] Conexión fallida: TypeError: Cannot read properties of undefined (reading 'startsWith')
2025-07-10T15:47:32:     at connectionStringHasValidScheme (/home/gti/teamlens/backend_teamlens/node_modules/mongodb-connection-string-url/lib/index.js:9:30)
2025-07-10T15:47:32:     at new ConnectionString (/home/gti/teamlens/backend_teamlens/node_modules/mongodb-connection-string-url/lib/index.js:85:34)
2025-07-10T15:47:32:     at parseOptions (/home/gti/teamlens/backend_teamlens/node_modules/mongodb/lib/connection_string.js:191:17)
2025-07-10T15:47:32:     at new MongoClient (/home/gti/teamlens/backend_teamlens/node_modules/mongodb/lib/mongo_client.js:51:63)
2025-07-10T15:47:32:     at connectToDatabase (/home/gti/teamlens/backend_teamlens/build/services/database.service.js:184:22)
2025-07-10T15:47:32:     at Object.<anonymous> (/home/gti/teamlens/backend_teamlens/build/index.js:28:42)
2025-07-10T15:47:32:     at Module._compile (node:internal/modules/cjs/loader:1529:14)
2025-07-10T15:47:32:     at Module._extensions..js (node:internal/modules/cjs/loader:1613:10)
2025-07-10T15:47:32:     at Module.load (node:internal/modules/cjs/loader:1275:32)
2025-07-10T15:47:32:     at Module._load (node:internal/modules/cjs/loader:1096:12)
2025-07-10T15:47:33: ❌ [Database] Conexión fallida: TypeError: Cannot read properties of undefined (reading 'startsWith')
2025-07-10T15:47:33:     at connectionStringHasValidScheme (/home/gti/teamlens/backend_teamlens/node_modules/mongodb-connection-string-url/lib/index.js:9:30)
2025-07-10T15:47:33:     at new ConnectionString (/home/gti/teamlens/backend_teamlens/node_modules/mongodb-connection-string-url/lib/index.js:85:34)
2025-07-10T15:47:33:     at parseOptions (/home/gti/teamlens/backend_teamlens/node_modules/mongodb/lib/connection_string.js:191:17)
2025-07-10T15:47:33:     at new MongoClient (/home/gti/teamlens/backend_teamlens/node_modules/mongodb/lib/mongo_client.js:51:63)
2025-07-10T15:47:33:     at connectToDatabase (/home/gti/teamlens/backend_teamlens/build/services/database.service.js:184:22)
2025-07-10T15:47:33:     at Object.<anonymous> (/home/gti/teamlens/backend_teamlens/build/index.js:28:42)
2025-07-10T15:47:33:     at Module._compile (node:internal/modules/cjs/loader:1529:14)
2025-07-10T15:47:33:     at Module._extensions..js (node:internal/modules/cjs/loader:1613:10)
2025-07-10T15:47:33:     at Module.load (node:internal/modules/cjs/loader:1275:32)
2025-07-10T15:47:33:     at Module._load (node:internal/modules/cjs/loader:1096:12)
2025-07-10T15:47:34: ❌ [Database] Conexión fallida: TypeError: Cannot read properties of undefined (reading 'startsWith')
2025-07-10T15:47:34:     at connectionStringHasValidScheme (/home/gti/teamlens/backend_teamlens/node_modules/mongodb-connection-string-url/lib/index.js:9:30)
2025-07-10T15:47:34:     at new ConnectionString (/home/gti/teamlens/backend_teamlens/node_modules/mongodb-connection-string-url/lib/index.js:85:34)
2025-07-10T15:47:34:     at parseOptions (/home/gti/teamlens/backend_teamlens/node_modules/mongodb/lib/connection_string.js:191:17)
2025-07-10T15:47:34:     at new MongoClient (/home/gti/teamlens/backend_teamlens/node_modules/mongodb/lib/mongo_client.js:51:63)
2025-07-10T15:47:34:     at connectToDatabase (/home/gti/teamlens/backend_teamlens/build/services/database.service.js:184:22)
2025-07-10T15:47:34:     at Object.<anonymous> (/home/gti/teamlens/backend_teamlens/build/index.js:28:42)
2025-07-10T15:47:34:     at Module._compile (node:internal/modules/cjs/loader:1529:14)
2025-07-10T15:47:34:     at Module._extensions..js (node:internal/modules/cjs/loader:1613:10)
2025-07-10T15:47:34:     at Module.load (node:internal/modules/cjs/loader:1275:32)
2025-07-10T15:47:34:     at Module._load (node:internal/modules/cjs/loader:1096:12)
2025-07-10T15:47:35: ❌ [Database] Conexión fallida: TypeError: Cannot read properties of undefined (reading 'startsWith')
2025-07-10T15:47:35:     at connectionStringHasValidScheme (/home/gti/teamlens/backend_teamlens/node_modules/mongodb-connection-string-url/lib/index.js:9:30)
2025-07-10T15:47:35:     at new ConnectionString (/home/gti/teamlens/backend_teamlens/node_modules/mongodb-connection-string-url/lib/index.js:85:34)
2025-07-10T15:47:35:     at parseOptions (/home/gti/teamlens/backend_teamlens/node_modules/mongodb/lib/connection_string.js:191:17)
2025-07-10T15:47:35:     at new MongoClient (/home/gti/teamlens/backend_teamlens/node_modules/mongodb/lib/mongo_client.js:51:63)
2025-07-10T15:47:35:     at connectToDatabase (/home/gti/teamlens/backend_teamlens/build/services/database.service.js:184:22)
2025-07-10T15:47:35:     at Object.<anonymous> (/home/gti/teamlens/backend_teamlens/build/index.js:28:42)
2025-07-10T15:47:35:     at Module._compile (node:internal/modules/cjs/loader:1529:14)
2025-07-10T15:47:35:     at Module._extensions..js (node:internal/modules/cjs/loader:1613:10)
2025-07-10T15:47:35:     at Module.load (node:internal/modules/cjs/loader:1275:32)
2025-07-10T15:47:35:     at Module._load (node:internal/modules/cjs/loader:1096:12)
2025-07-10T15:47:36: ❌ [Database] Conexión fallida: TypeError: Cannot read properties of undefined (reading 'startsWith')
2025-07-10T15:47:36:     at connectionStringHasValidScheme (/home/gti/teamlens/backend_teamlens/node_modules/mongodb-connection-string-url/lib/index.js:9:30)
2025-07-10T15:47:36:     at new ConnectionString (/home/gti/teamlens/backend_teamlens/node_modules/mongodb-connection-string-url/lib/index.js:85:34)
2025-07-10T15:47:36:     at parseOptions (/home/gti/teamlens/backend_teamlens/node_modules/mongodb/lib/connection_string.js:191:17)
2025-07-10T15:47:36:     at new MongoClient (/home/gti/teamlens/backend_teamlens/node_modules/mongodb/lib/mongo_client.js:51:63)
2025-07-10T15:47:36:     at connectToDatabase (/home/gti/teamlens/backend_teamlens/build/services/database.service.js:184:22)
2025-07-10T15:47:36:     at Object.<anonymous> (/home/gti/teamlens/backend_teamlens/build/index.js:28:42)
2025-07-10T15:47:36:     at Module._compile (node:internal/modules/cjs/loader:1529:14)
2025-07-10T15:47:36:     at Module._extensions..js (node:internal/modules/cjs/loader:1613:10)
2025-07-10T15:47:36:     at Module.load (node:internal/modules/cjs/loader:1275:32)
2025-07-10T15:47:36:     at Module._load (node:internal/modules/cjs/loader:1096:12)
2025-07-10T15:47:37: ❌ [Database] Conexión fallida: TypeError: Cannot read properties of undefined (reading 'startsWith')
2025-07-10T15:47:37:     at connectionStringHasValidScheme (/home/gti/teamlens/backend_teamlens/node_modules/mongodb-connection-string-url/lib/index.js:9:30)
2025-07-10T15:47:37:     at new ConnectionString (/home/gti/teamlens/backend_teamlens/node_modules/mongodb-connection-string-url/lib/index.js:85:34)
2025-07-10T15:47:37:     at parseOptions (/home/gti/teamlens/backend_teamlens/node_modules/mongodb/lib/connection_string.js:191:17)
2025-07-10T15:47:37:     at new MongoClient (/home/gti/teamlens/backend_teamlens/node_modules/mongodb/lib/mongo_client.js:51:63)
2025-07-10T15:47:37:     at connectToDatabase (/home/gti/teamlens/backend_teamlens/build/services/database.service.js:184:22)
2025-07-10T15:47:37:     at Object.<anonymous> (/home/gti/teamlens/backend_teamlens/build/index.js:28:42)
2025-07-10T15:47:37:     at Module._compile (node:internal/modules/cjs/loader:1529:14)
2025-07-10T15:47:37:     at Module._extensions..js (node:internal/modules/cjs/loader:1613:10)
2025-07-10T15:47:37:     at Module.load (node:internal/modules/cjs/loader:1275:32)
2025-07-10T15:47:37:     at Module._load (node:internal/modules/cjs/loader:1096:12)
2025-07-10T15:47:37: ❌ [Database] Conexión fallida: TypeError: Cannot read properties of undefined (reading 'startsWith')
2025-07-10T15:47:37:     at connectionStringHasValidScheme (/home/gti/teamlens/backend_teamlens/node_modules/mongodb-connection-string-url/lib/index.js:9:30)
2025-07-10T15:47:37:     at new ConnectionString (/home/gti/teamlens/backend_teamlens/node_modules/mongodb-connection-string-url/lib/index.js:85:34)
2025-07-10T15:47:37:     at parseOptions (/home/gti/teamlens/backend_teamlens/node_modules/mongodb/lib/connection_string.js:191:17)
2025-07-10T15:47:37:     at new MongoClient (/home/gti/teamlens/backend_teamlens/node_modules/mongodb/lib/mongo_client.js:51:63)
2025-07-10T15:47:37:     at connectToDatabase (/home/gti/teamlens/backend_teamlens/build/services/database.service.js:184:22)
2025-07-10T15:47:37:     at Object.<anonymous> (/home/gti/teamlens/backend_teamlens/build/index.js:28:42)
2025-07-10T15:47:37:     at Module._compile (node:internal/modules/cjs/loader:1529:14)
2025-07-10T15:47:37:     at Module._extensions..js (node:internal/modules/cjs/loader:1613:10)
2025-07-10T15:47:37:     at Module.load (node:internal/modules/cjs/loader:1275:32)
2025-07-10T15:47:37:     at Module._load (node:internal/modules/cjs/loader:1096:12)
2025-07-10T15:47:38: ❌ [Database] Conexión fallida: TypeError: Cannot read properties of undefined (reading 'startsWith')
2025-07-10T15:47:38:     at connectionStringHasValidScheme (/home/gti/teamlens/backend_teamlens/node_modules/mongodb-connection-string-url/lib/index.js:9:30)
2025-07-10T15:47:38:     at new ConnectionString (/home/gti/teamlens/backend_teamlens/node_modules/mongodb-connection-string-url/lib/index.js:85:34)
2025-07-10T15:47:38:     at parseOptions (/home/gti/teamlens/backend_teamlens/node_modules/mongodb/lib/connection_string.js:191:17)
2025-07-10T15:47:38:     at new MongoClient (/home/gti/teamlens/backend_teamlens/node_modules/mongodb/lib/mongo_client.js:51:63)
2025-07-10T15:47:38:     at connectToDatabase (/home/gti/teamlens/backend_teamlens/build/services/database.service.js:184:22)
2025-07-10T15:47:38:     at Object.<anonymous> (/home/gti/teamlens/backend_teamlens/build/index.js:28:42)
2025-07-10T15:47:38:     at Module._compile (node:internal/modules/cjs/loader:1529:14)
2025-07-10T15:47:38:     at Module._extensions..js (node:internal/modules/cjs/loader:1613:10)
2025-07-10T15:47:38:     at Module.load (node:internal/modules/cjs/loader:1275:32)
2025-07-10T15:47:38:     at Module._load (node:internal/modules/cjs/loader:1096:12)
2025-07-10T15:47:39: ❌ [Database] Conexión fallida: TypeError: Cannot read properties of undefined (reading 'startsWith')
2025-07-10T15:47:39:     at connectionStringHasValidScheme (/home/gti/teamlens/backend_teamlens/node_modules/mongodb-connection-string-url/lib/index.js:9:30)
2025-07-10T15:47:39:     at new ConnectionString (/home/gti/teamlens/backend_teamlens/node_modules/mongodb-connection-string-url/lib/index.js:85:34)
2025-07-10T15:47:39:     at parseOptions (/home/gti/teamlens/backend_teamlens/node_modules/mongodb/lib/connection_string.js:191:17)
2025-07-10T15:47:39:     at new MongoClient (/home/gti/teamlens/backend_teamlens/node_modules/mongodb/lib/mongo_client.js:51:63)
2025-07-10T15:47:39:     at connectToDatabase (/home/gti/teamlens/backend_teamlens/build/services/database.service.js:184:22)
2025-07-10T15:47:39:     at Object.<anonymous> (/home/gti/teamlens/backend_teamlens/build/index.js:28:42)
2025-07-10T15:47:39:     at Module._compile (node:internal/modules/cjs/loader:1529:14)
2025-07-10T15:47:39:     at Module._extensions..js (node:internal/modules/cjs/loader:1613:10)
2025-07-10T15:47:39:     at Module.load (node:internal/modules/cjs/loader:1275:32)
2025-07-10T15:47:39:     at Module._load (node:internal/modules/cjs/loader:1096:12)
2025-07-10T15:47:40: ❌ [Database] Conexión fallida: TypeError: Cannot read properties of undefined (reading 'startsWith')
2025-07-10T15:47:40:     at connectionStringHasValidScheme (/home/gti/teamlens/backend_teamlens/node_modules/mongodb-connection-string-url/lib/index.js:9:30)
2025-07-10T15:47:40:     at new ConnectionString (/home/gti/teamlens/backend_teamlens/node_modules/mongodb-connection-string-url/lib/index.js:85:34)
2025-07-10T15:47:40:     at parseOptions (/home/gti/teamlens/backend_teamlens/node_modules/mongodb/lib/connection_string.js:191:17)
2025-07-10T15:47:40:     at new MongoClient (/home/gti/teamlens/backend_teamlens/node_modules/mongodb/lib/mongo_client.js:51:63)
2025-07-10T15:47:40:     at connectToDatabase (/home/gti/teamlens/backend_teamlens/build/services/database.service.js:184:22)
2025-07-10T15:47:40:     at Object.<anonymous> (/home/gti/teamlens/backend_teamlens/build/index.js:28:42)
2025-07-10T15:47:40:     at Module._compile (node:internal/modules/cjs/loader:1529:14)
2025-07-10T15:47:40:     at Module._extensions..js (node:internal/modules/cjs/loader:1613:10)
2025-07-10T15:47:40:     at Module.load (node:internal/modules/cjs/loader:1275:32)
2025-07-10T15:47:40:     at Module._load (node:internal/modules/cjs/loader:1096:12)
2025-07-10T15:47:41: ❌ [Database] Conexión fallida: TypeError: Cannot read properties of undefined (reading 'startsWith')
2025-07-10T15:47:41:     at connectionStringHasValidScheme (/home/gti/teamlens/backend_teamlens/node_modules/mongodb-connection-string-url/lib/index.js:9:30)
2025-07-10T15:47:41:     at new ConnectionString (/home/gti/teamlens/backend_teamlens/node_modules/mongodb-connection-string-url/lib/index.js:85:34)
2025-07-10T15:47:41:     at parseOptions (/home/gti/teamlens/backend_teamlens/node_modules/mongodb/lib/connection_string.js:191:17)
2025-07-10T15:47:41:     at new MongoClient (/home/gti/teamlens/backend_teamlens/node_modules/mongodb/lib/mongo_client.js:51:63)
2025-07-10T15:47:41:     at connectToDatabase (/home/gti/teamlens/backend_teamlens/build/services/database.service.js:184:22)
2025-07-10T15:47:41:     at Object.<anonymous> (/home/gti/teamlens/backend_teamlens/build/index.js:28:42)
2025-07-10T15:47:41:     at Module._compile (node:internal/modules/cjs/loader:1529:14)
2025-07-10T15:47:41:     at Module._extensions..js (node:internal/modules/cjs/loader:1613:10)
2025-07-10T15:47:41:     at Module.load (node:internal/modules/cjs/loader:1275:32)
2025-07-10T15:47:41:     at Module._load (node:internal/modules/cjs/loader:1096:12)
2025-07-10T15:47:42: ❌ [Database] Conexión fallida: TypeError: Cannot read properties of undefined (reading 'startsWith')
2025-07-10T15:47:42:     at connectionStringHasValidScheme (/home/gti/teamlens/backend_teamlens/node_modules/mongodb-connection-string-url/lib/index.js:9:30)
2025-07-10T15:47:42:     at new ConnectionString (/home/gti/teamlens/backend_teamlens/node_modules/mongodb-connection-string-url/lib/index.js:85:34)
2025-07-10T15:47:42:     at parseOptions (/home/gti/teamlens/backend_teamlens/node_modules/mongodb/lib/connection_string.js:191:17)
2025-07-10T15:47:42:     at new MongoClient (/home/gti/teamlens/backend_teamlens/node_modules/mongodb/lib/mongo_client.js:51:63)
2025-07-10T15:47:42:     at connectToDatabase (/home/gti/teamlens/backend_teamlens/build/services/database.service.js:184:22)
2025-07-10T15:47:42:     at Object.<anonymous> (/home/gti/teamlens/backend_teamlens/build/index.js:28:42)
2025-07-10T15:47:42:     at Module._compile (node:internal/modules/cjs/loader:1529:14)
2025-07-10T15:47:42:     at Module._extensions..js (node:internal/modules/cjs/loader:1613:10)
2025-07-10T15:47:42:     at Module.load (node:internal/modules/cjs/loader:1275:32)
2025-07-10T15:47:42:     at Module._load (node:internal/modules/cjs/loader:1096:12)
2025-07-10T15:47:42: ❌ [Database] Conexión fallida: TypeError: Cannot read properties of undefined (reading 'startsWith')
2025-07-10T15:47:42:     at connectionStringHasValidScheme (/home/gti/teamlens/backend_teamlens/node_modules/mongodb-connection-string-url/lib/index.js:9:30)
2025-07-10T15:47:42:     at new ConnectionString (/home/gti/teamlens/backend_teamlens/node_modules/mongodb-connection-string-url/lib/index.js:85:34)
2025-07-10T15:47:42:     at parseOptions (/home/gti/teamlens/backend_teamlens/node_modules/mongodb/lib/connection_string.js:191:17)
2025-07-10T15:47:42:     at new MongoClient (/home/gti/teamlens/backend_teamlens/node_modules/mongodb/lib/mongo_client.js:51:63)
2025-07-10T15:47:42:     at connectToDatabase (/home/gti/teamlens/backend_teamlens/build/services/database.service.js:184:22)
2025-07-10T15:47:42:     at Object.<anonymous> (/home/gti/teamlens/backend_teamlens/build/index.js:28:42)
2025-07-10T15:47:42:     at Module._compile (node:internal/modules/cjs/loader:1529:14)
2025-07-10T15:47:42:     at Module._extensions..js (node:internal/modules/cjs/loader:1613:10)
2025-07-10T15:47:42:     at Module.load (node:internal/modules/cjs/loader:1275:32)
2025-07-10T15:47:42:     at Module._load (node:internal/modules/cjs/loader:1096:12)
2025-07-10T15:47:43: ❌ [Database] Conexión fallida: TypeError: Cannot read properties of undefined (reading 'startsWith')
2025-07-10T15:47:43:     at connectionStringHasValidScheme (/home/gti/teamlens/backend_teamlens/node_modules/mongodb-connection-string-url/lib/index.js:9:30)
2025-07-10T15:47:43:     at new ConnectionString (/home/gti/teamlens/backend_teamlens/node_modules/mongodb-connection-string-url/lib/index.js:85:34)
2025-07-10T15:47:43:     at parseOptions (/home/gti/teamlens/backend_teamlens/node_modules/mongodb/lib/connection_string.js:191:17)
2025-07-10T15:47:43:     at new MongoClient (/home/gti/teamlens/backend_teamlens/node_modules/mongodb/lib/mongo_client.js:51:63)
2025-07-10T15:47:43:     at connectToDatabase (/home/gti/teamlens/backend_teamlens/build/services/database.service.js:184:22)
2025-07-10T15:47:43:     at Object.<anonymous> (/home/gti/teamlens/backend_teamlens/build/index.js:28:42)
2025-07-10T15:47:43:     at Module._compile (node:internal/modules/cjs/loader:1529:14)
2025-07-10T15:47:43:     at Module._extensions..js (node:internal/modules/cjs/loader:1613:10)
2025-07-10T15:47:43:     at Module.load (node:internal/modules/cjs/loader:1275:32)
2025-07-10T15:47:43:     at Module._load (node:internal/modules/cjs/loader:1096:12)
2025-07-10T15:47:44: ❌ [Database] Conexión fallida: TypeError: Cannot read properties of undefined (reading 'startsWith')
2025-07-10T15:47:44:     at connectionStringHasValidScheme (/home/gti/teamlens/backend_teamlens/node_modules/mongodb-connection-string-url/lib/index.js:9:30)
2025-07-10T15:47:44:     at new ConnectionString (/home/gti/teamlens/backend_teamlens/node_modules/mongodb-connection-string-url/lib/index.js:85:34)
2025-07-10T15:47:44:     at parseOptions (/home/gti/teamlens/backend_teamlens/node_modules/mongodb/lib/connection_string.js:191:17)
2025-07-10T15:47:44:     at new MongoClient (/home/gti/teamlens/backend_teamlens/node_modules/mongodb/lib/mongo_client.js:51:63)
2025-07-10T15:47:44:     at connectToDatabase (/home/gti/teamlens/backend_teamlens/build/services/database.service.js:184:22)
2025-07-10T15:47:44:     at Object.<anonymous> (/home/gti/teamlens/backend_teamlens/build/index.js:28:42)
2025-07-10T15:47:44:     at Module._compile (node:internal/modules/cjs/loader:1529:14)
2025-07-10T15:47:44:     at Module._extensions..js (node:internal/modules/cjs/loader:1613:10)
2025-07-10T15:47:44:     at Module.load (node:internal/modules/cjs/loader:1275:32)
2025-07-10T15:47:44:     at Module._load (node:internal/modules/cjs/loader:1096:12)
2025-07-10T15:47:45: ❌ [Database] Conexión fallida: TypeError: Cannot read properties of undefined (reading 'startsWith')
2025-07-10T15:47:45:     at connectionStringHasValidScheme (/home/gti/teamlens/backend_teamlens/node_modules/mongodb-connection-string-url/lib/index.js:9:30)
2025-07-10T15:47:45:     at new ConnectionString (/home/gti/teamlens/backend_teamlens/node_modules/mongodb-connection-string-url/lib/index.js:85:34)
2025-07-10T15:47:45:     at parseOptions (/home/gti/teamlens/backend_teamlens/node_modules/mongodb/lib/connection_string.js:191:17)
2025-07-10T15:47:45:     at new MongoClient (/home/gti/teamlens/backend_teamlens/node_modules/mongodb/lib/mongo_client.js:51:63)
2025-07-10T15:47:45:     at connectToDatabase (/home/gti/teamlens/backend_teamlens/build/services/database.service.js:184:22)
2025-07-10T15:47:45:     at Object.<anonymous> (/home/gti/teamlens/backend_teamlens/build/index.js:28:42)
2025-07-10T15:47:45:     at Module._compile (node:internal/modules/cjs/loader:1529:14)
2025-07-10T15:47:45:     at Module._extensions..js (node:internal/modules/cjs/loader:1613:10)
2025-07-10T15:47:45:     at Module.load (node:internal/modules/cjs/loader:1275:32)
2025-07-10T15:47:45:     at Module._load (node:internal/modules/cjs/loader:1096:12)
2025-07-10T15:47:46: ❌ [Database] Conexión fallida: TypeError: Cannot read properties of undefined (reading 'startsWith')
2025-07-10T15:47:46:     at connectionStringHasValidScheme (/home/gti/teamlens/backend_teamlens/node_modules/mongodb-connection-string-url/lib/index.js:9:30)
2025-07-10T15:47:46:     at new ConnectionString (/home/gti/teamlens/backend_teamlens/node_modules/mongodb-connection-string-url/lib/index.js:85:34)
2025-07-10T15:47:46:     at parseOptions (/home/gti/teamlens/backend_teamlens/node_modules/mongodb/lib/connection_string.js:191:17)
2025-07-10T15:47:46:     at new MongoClient (/home/gti/teamlens/backend_teamlens/node_modules/mongodb/lib/mongo_client.js:51:63)
2025-07-10T15:47:46:     at connectToDatabase (/home/gti/teamlens/backend_teamlens/build/services/database.service.js:184:22)
2025-07-10T15:47:46:     at Object.<anonymous> (/home/gti/teamlens/backend_teamlens/build/index.js:28:42)
2025-07-10T15:47:46:     at Module._compile (node:internal/modules/cjs/loader:1529:14)
2025-07-10T15:47:46:     at Module._extensions..js (node:internal/modules/cjs/loader:1613:10)
2025-07-10T15:47:46:     at Module.load (node:internal/modules/cjs/loader:1275:32)
2025-07-10T15:47:46:     at Module._load (node:internal/modules/cjs/loader:1096:12)
2025-07-10T15:47:47: ❌ [Database] Conexión fallida: TypeError: Cannot read properties of undefined (reading 'startsWith')
2025-07-10T15:47:47:     at connectionStringHasValidScheme (/home/gti/teamlens/backend_teamlens/node_modules/mongodb-connection-string-url/lib/index.js:9:30)
2025-07-10T15:47:47:     at new ConnectionString (/home/gti/teamlens/backend_teamlens/node_modules/mongodb-connection-string-url/lib/index.js:85:34)
2025-07-10T15:47:47:     at parseOptions (/home/gti/teamlens/backend_teamlens/node_modules/mongodb/lib/connection_string.js:191:17)
2025-07-10T15:47:47:     at new MongoClient (/home/gti/teamlens/backend_teamlens/node_modules/mongodb/lib/mongo_client.js:51:63)
2025-07-10T15:47:47:     at connectToDatabase (/home/gti/teamlens/backend_teamlens/build/services/database.service.js:184:22)
2025-07-10T15:47:47:     at Object.<anonymous> (/home/gti/teamlens/backend_teamlens/build/index.js:28:42)
2025-07-10T15:47:47:     at Module._compile (node:internal/modules/cjs/loader:1529:14)
2025-07-10T15:47:47:     at Module._extensions..js (node:internal/modules/cjs/loader:1613:10)
2025-07-10T15:47:47:     at Module.load (node:internal/modules/cjs/loader:1275:32)
2025-07-10T15:47:47:     at Module._load (node:internal/modules/cjs/loader:1096:12)
2025-07-10T15:47:48: ❌ [Database] Conexión fallida: TypeError: Cannot read properties of undefined (reading 'startsWith')
2025-07-10T15:47:48:     at connectionStringHasValidScheme (/home/gti/teamlens/backend_teamlens/node_modules/mongodb-connection-string-url/lib/index.js:9:30)
2025-07-10T15:47:48:     at new ConnectionString (/home/gti/teamlens/backend_teamlens/node_modules/mongodb-connection-string-url/lib/index.js:85:34)
2025-07-10T15:47:48:     at parseOptions (/home/gti/teamlens/backend_teamlens/node_modules/mongodb/lib/connection_string.js:191:17)
2025-07-10T15:47:48:     at new MongoClient (/home/gti/teamlens/backend_teamlens/node_modules/mongodb/lib/mongo_client.js:51:63)
2025-07-10T15:47:48:     at connectToDatabase (/home/gti/teamlens/backend_teamlens/build/services/database.service.js:184:22)
2025-07-10T15:47:48:     at Object.<anonymous> (/home/gti/teamlens/backend_teamlens/build/index.js:28:42)
2025-07-10T15:47:48:     at Module._compile (node:internal/modules/cjs/loader:1529:14)
2025-07-10T15:47:48:     at Module._extensions..js (node:internal/modules/cjs/loader:1613:10)
2025-07-10T15:47:48:     at Module.load (node:internal/modules/cjs/loader:1275:32)
2025-07-10T15:47:48:     at Module._load (node:internal/modules/cjs/loader:1096:12)
2025-07-10T15:47:49: ❌ [Database] Conexión fallida: TypeError: Cannot read properties of undefined (reading 'startsWith')
2025-07-10T15:47:49:     at connectionStringHasValidScheme (/home/gti/teamlens/backend_teamlens/node_modules/mongodb-connection-string-url/lib/index.js:9:30)
2025-07-10T15:47:49:     at new ConnectionString (/home/gti/teamlens/backend_teamlens/node_modules/mongodb-connection-string-url/lib/index.js:85:34)
2025-07-10T15:47:49:     at parseOptions (/home/gti/teamlens/backend_teamlens/node_modules/mongodb/lib/connection_string.js:191:17)
2025-07-10T15:47:49:     at new MongoClient (/home/gti/teamlens/backend_teamlens/node_modules/mongodb/lib/mongo_client.js:51:63)
2025-07-10T15:47:49:     at connectToDatabase (/home/gti/teamlens/backend_teamlens/build/services/database.service.js:184:22)
2025-07-10T15:47:49:     at Object.<anonymous> (/home/gti/teamlens/backend_teamlens/build/index.js:28:42)
2025-07-10T15:47:49:     at Module._compile (node:internal/modules/cjs/loader:1529:14)
2025-07-10T15:47:49:     at Module._extensions..js (node:internal/modules/cjs/loader:1613:10)
2025-07-10T15:47:49:     at Module.load (node:internal/modules/cjs/loader:1275:32)
2025-07-10T15:47:49:     at Module._load (node:internal/modules/cjs/loader:1096:12)
2025-07-10T15:47:50: ❌ [Database] Conexión fallida: TypeError: Cannot read properties of undefined (reading 'startsWith')
2025-07-10T15:47:50:     at connectionStringHasValidScheme (/home/gti/teamlens/backend_teamlens/node_modules/mongodb-connection-string-url/lib/index.js:9:30)
2025-07-10T15:47:50:     at new ConnectionString (/home/gti/teamlens/backend_teamlens/node_modules/mongodb-connection-string-url/lib/index.js:85:34)
2025-07-10T15:47:50:     at parseOptions (/home/gti/teamlens/backend_teamlens/node_modules/mongodb/lib/connection_string.js:191:17)
2025-07-10T15:47:50:     at new MongoClient (/home/gti/teamlens/backend_teamlens/node_modules/mongodb/lib/mongo_client.js:51:63)
2025-07-10T15:47:50:     at connectToDatabase (/home/gti/teamlens/backend_teamlens/build/services/database.service.js:184:22)
2025-07-10T15:47:50:     at Object.<anonymous> (/home/gti/teamlens/backend_teamlens/build/index.js:28:42)
2025-07-10T15:47:50:     at Module._compile (node:internal/modules/cjs/loader:1529:14)
2025-07-10T15:47:50:     at Module._extensions..js (node:internal/modules/cjs/loader:1613:10)
2025-07-10T15:47:50:     at Module.load (node:internal/modules/cjs/loader:1275:32)
2025-07-10T15:47:50:     at Module._load (node:internal/modules/cjs/loader:1096:12)
2025-07-10T15:47:51: ❌ [Database] Conexión fallida: TypeError: Cannot read properties of undefined (reading 'startsWith')
2025-07-10T15:47:51:     at connectionStringHasValidScheme (/home/gti/teamlens/backend_teamlens/node_modules/mongodb-connection-string-url/lib/index.js:9:30)
2025-07-10T15:47:51:     at new ConnectionString (/home/gti/teamlens/backend_teamlens/node_modules/mongodb-connection-string-url/lib/index.js:85:34)
2025-07-10T15:47:51:     at parseOptions (/home/gti/teamlens/backend_teamlens/node_modules/mongodb/lib/connection_string.js:191:17)
2025-07-10T15:47:51:     at new MongoClient (/home/gti/teamlens/backend_teamlens/node_modules/mongodb/lib/mongo_client.js:51:63)
2025-07-10T15:47:51:     at connectToDatabase (/home/gti/teamlens/backend_teamlens/build/services/database.service.js:184:22)
2025-07-10T15:47:51:     at Object.<anonymous> (/home/gti/teamlens/backend_teamlens/build/index.js:28:42)
2025-07-10T15:47:51:     at Module._compile (node:internal/modules/cjs/loader:1529:14)
2025-07-10T15:47:51:     at Module._extensions..js (node:internal/modules/cjs/loader:1613:10)
2025-07-10T15:47:51:     at Module.load (node:internal/modules/cjs/loader:1275:32)
2025-07-10T15:47:51:     at Module._load (node:internal/modules/cjs/loader:1096:12)
2025-07-10T15:47:51: ❌ [Database] Conexión fallida: TypeError: Cannot read properties of undefined (reading 'startsWith')
2025-07-10T15:47:51:     at connectionStringHasValidScheme (/home/gti/teamlens/backend_teamlens/node_modules/mongodb-connection-string-url/lib/index.js:9:30)
2025-07-10T15:47:51:     at new ConnectionString (/home/gti/teamlens/backend_teamlens/node_modules/mongodb-connection-string-url/lib/index.js:85:34)
2025-07-10T15:47:51:     at parseOptions (/home/gti/teamlens/backend_teamlens/node_modules/mongodb/lib/connection_string.js:191:17)
2025-07-10T15:47:51:     at new MongoClient (/home/gti/teamlens/backend_teamlens/node_modules/mongodb/lib/mongo_client.js:51:63)
2025-07-10T15:47:51:     at connectToDatabase (/home/gti/teamlens/backend_teamlens/build/services/database.service.js:184:22)
2025-07-10T15:47:51:     at Object.<anonymous> (/home/gti/teamlens/backend_teamlens/build/index.js:28:42)
2025-07-10T15:47:51:     at Module._compile (node:internal/modules/cjs/loader:1529:14)
2025-07-10T15:47:51:     at Module._extensions..js (node:internal/modules/cjs/loader:1613:10)
2025-07-10T15:47:51:     at Module.load (node:internal/modules/cjs/loader:1275:32)
2025-07-10T15:47:51:     at Module._load (node:internal/modules/cjs/loader:1096:12)
2025-07-10T15:47:53: ❌ [Database] Conexión fallida: TypeError: Cannot read properties of undefined (reading 'startsWith')
2025-07-10T15:47:53:     at connectionStringHasValidScheme (/home/gti/teamlens/backend_teamlens/node_modules/mongodb-connection-string-url/lib/index.js:9:30)
2025-07-10T15:47:53:     at new ConnectionString (/home/gti/teamlens/backend_teamlens/node_modules/mongodb-connection-string-url/lib/index.js:85:34)
2025-07-10T15:47:53:     at parseOptions (/home/gti/teamlens/backend_teamlens/node_modules/mongodb/lib/connection_string.js:191:17)
2025-07-10T15:47:53:     at new MongoClient (/home/gti/teamlens/backend_teamlens/node_modules/mongodb/lib/mongo_client.js:51:63)
2025-07-10T15:47:53:     at connectToDatabase (/home/gti/teamlens/backend_teamlens/build/services/database.service.js:184:22)
2025-07-10T15:47:53:     at Object.<anonymous> (/home/gti/teamlens/backend_teamlens/build/index.js:28:42)
2025-07-10T15:47:53:     at Module._compile (node:internal/modules/cjs/loader:1529:14)
2025-07-10T15:47:53:     at Module._extensions..js (node:internal/modules/cjs/loader:1613:10)
2025-07-10T15:47:53:     at Module.load (node:internal/modules/cjs/loader:1275:32)
2025-07-10T15:47:53:     at Module._load (node:internal/modules/cjs/loader:1096:12)
2025-07-10T15:47:53: ❌ [Database] Conexión fallida: TypeError: Cannot read properties of undefined (reading 'startsWith')
2025-07-10T15:47:53:     at connectionStringHasValidScheme (/home/gti/teamlens/backend_teamlens/node_modules/mongodb-connection-string-url/lib/index.js:9:30)
2025-07-10T15:47:53:     at new ConnectionString (/home/gti/teamlens/backend_teamlens/node_modules/mongodb-connection-string-url/lib/index.js:85:34)
2025-07-10T15:47:53:     at parseOptions (/home/gti/teamlens/backend_teamlens/node_modules/mongodb/lib/connection_string.js:191:17)
2025-07-10T15:47:53:     at new MongoClient (/home/gti/teamlens/backend_teamlens/node_modules/mongodb/lib/mongo_client.js:51:63)
2025-07-10T15:47:53:     at connectToDatabase (/home/gti/teamlens/backend_teamlens/build/services/database.service.js:184:22)
2025-07-10T15:47:53:     at Object.<anonymous> (/home/gti/teamlens/backend_teamlens/build/index.js:28:42)
2025-07-10T15:47:53:     at Module._compile (node:internal/modules/cjs/loader:1529:14)
2025-07-10T15:47:53:     at Module._extensions..js (node:internal/modules/cjs/loader:1613:10)
2025-07-10T15:47:53:     at Module.load (node:internal/modules/cjs/loader:1275:32)
2025-07-10T15:47:53:     at Module._load (node:internal/modules/cjs/loader:1096:12)
2025-07-10T15:47:54: ❌ [Database] Conexión fallida: TypeError: Cannot read properties of undefined (reading 'startsWith')
2025-07-10T15:47:54:     at connectionStringHasValidScheme (/home/gti/teamlens/backend_teamlens/node_modules/mongodb-connection-string-url/lib/index.js:9:30)
2025-07-10T15:47:54:     at new ConnectionString (/home/gti/teamlens/backend_teamlens/node_modules/mongodb-connection-string-url/lib/index.js:85:34)
2025-07-10T15:47:54:     at parseOptions (/home/gti/teamlens/backend_teamlens/node_modules/mongodb/lib/connection_string.js:191:17)
2025-07-10T15:47:54:     at new MongoClient (/home/gti/teamlens/backend_teamlens/node_modules/mongodb/lib/mongo_client.js:51:63)
2025-07-10T15:47:54:     at connectToDatabase (/home/gti/teamlens/backend_teamlens/build/services/database.service.js:184:22)
2025-07-10T15:47:54:     at Object.<anonymous> (/home/gti/teamlens/backend_teamlens/build/index.js:28:42)
2025-07-10T15:47:54:     at Module._compile (node:internal/modules/cjs/loader:1529:14)
2025-07-10T15:47:54:     at Module._extensions..js (node:internal/modules/cjs/loader:1613:10)
2025-07-10T15:47:54:     at Module.load (node:internal/modules/cjs/loader:1275:32)
2025-07-10T15:47:54:     at Module._load (node:internal/modules/cjs/loader:1096:12)
2025-07-10T15:47:55: ❌ [Database] Conexión fallida: TypeError: Cannot read properties of undefined (reading 'startsWith')
2025-07-10T15:47:55:     at connectionStringHasValidScheme (/home/gti/teamlens/backend_teamlens/node_modules/mongodb-connection-string-url/lib/index.js:9:30)
2025-07-10T15:47:55:     at new ConnectionString (/home/gti/teamlens/backend_teamlens/node_modules/mongodb-connection-string-url/lib/index.js:85:34)
2025-07-10T15:47:55:     at parseOptions (/home/gti/teamlens/backend_teamlens/node_modules/mongodb/lib/connection_string.js:191:17)
2025-07-10T15:47:55:     at new MongoClient (/home/gti/teamlens/backend_teamlens/node_modules/mongodb/lib/mongo_client.js:51:63)
2025-07-10T15:47:55:     at connectToDatabase (/home/gti/teamlens/backend_teamlens/build/services/database.service.js:184:22)
2025-07-10T15:47:55:     at Object.<anonymous> (/home/gti/teamlens/backend_teamlens/build/index.js:28:42)
2025-07-10T15:47:55:     at Module._compile (node:internal/modules/cjs/loader:1529:14)
2025-07-10T15:47:55:     at Module._extensions..js (node:internal/modules/cjs/loader:1613:10)
2025-07-10T15:47:55:     at Module.load (node:internal/modules/cjs/loader:1275:32)
2025-07-10T15:47:55:     at Module._load (node:internal/modules/cjs/loader:1096:12)
2025-07-10T15:47:56: ❌ [Database] Conexión fallida: TypeError: Cannot read properties of undefined (reading 'startsWith')
2025-07-10T15:47:56:     at connectionStringHasValidScheme (/home/gti/teamlens/backend_teamlens/node_modules/mongodb-connection-string-url/lib/index.js:9:30)
2025-07-10T15:47:56:     at new ConnectionString (/home/gti/teamlens/backend_teamlens/node_modules/mongodb-connection-string-url/lib/index.js:85:34)
2025-07-10T15:47:56:     at parseOptions (/home/gti/teamlens/backend_teamlens/node_modules/mongodb/lib/connection_string.js:191:17)
2025-07-10T15:47:56:     at new MongoClient (/home/gti/teamlens/backend_teamlens/node_modules/mongodb/lib/mongo_client.js:51:63)
2025-07-10T15:47:56:     at connectToDatabase (/home/gti/teamlens/backend_teamlens/build/services/database.service.js:184:22)
2025-07-10T15:47:56:     at Object.<anonymous> (/home/gti/teamlens/backend_teamlens/build/index.js:28:42)
2025-07-10T15:47:56:     at Module._compile (node:internal/modules/cjs/loader:1529:14)
2025-07-10T15:47:56:     at Module._extensions..js (node:internal/modules/cjs/loader:1613:10)
2025-07-10T15:47:56:     at Module.load (node:internal/modules/cjs/loader:1275:32)
2025-07-10T15:47:56:     at Module._load (node:internal/modules/cjs/loader:1096:12)
2025-07-10T15:47:57: ❌ [Database] Conexión fallida: TypeError: Cannot read properties of undefined (reading 'startsWith')
2025-07-10T15:47:57:     at connectionStringHasValidScheme (/home/gti/teamlens/backend_teamlens/node_modules/mongodb-connection-string-url/lib/index.js:9:30)
2025-07-10T15:47:57:     at new ConnectionString (/home/gti/teamlens/backend_teamlens/node_modules/mongodb-connection-string-url/lib/index.js:85:34)
2025-07-10T15:47:57:     at parseOptions (/home/gti/teamlens/backend_teamlens/node_modules/mongodb/lib/connection_string.js:191:17)
2025-07-10T15:47:57:     at new MongoClient (/home/gti/teamlens/backend_teamlens/node_modules/mongodb/lib/mongo_client.js:51:63)
2025-07-10T15:47:57:     at connectToDatabase (/home/gti/teamlens/backend_teamlens/build/services/database.service.js:184:22)
2025-07-10T15:47:57:     at Object.<anonymous> (/home/gti/teamlens/backend_teamlens/build/index.js:28:42)
2025-07-10T15:47:57:     at Module._compile (node:internal/modules/cjs/loader:1529:14)
2025-07-10T15:47:57:     at Module._extensions..js (node:internal/modules/cjs/loader:1613:10)
2025-07-10T15:47:57:     at Module.load (node:internal/modules/cjs/loader:1275:32)
2025-07-10T15:47:57:     at Module._load (node:internal/modules/cjs/loader:1096:12)
2025-07-10T15:47:58: ❌ [Database] Conexión fallida: TypeError: Cannot read properties of undefined (reading 'startsWith')
2025-07-10T15:47:58:     at connectionStringHasValidScheme (/home/gti/teamlens/backend_teamlens/node_modules/mongodb-connection-string-url/lib/index.js:9:30)
2025-07-10T15:47:58:     at new ConnectionString (/home/gti/teamlens/backend_teamlens/node_modules/mongodb-connection-string-url/lib/index.js:85:34)
2025-07-10T15:47:58:     at parseOptions (/home/gti/teamlens/backend_teamlens/node_modules/mongodb/lib/connection_string.js:191:17)
2025-07-10T15:47:58:     at new MongoClient (/home/gti/teamlens/backend_teamlens/node_modules/mongodb/lib/mongo_client.js:51:63)
2025-07-10T15:47:58:     at connectToDatabase (/home/gti/teamlens/backend_teamlens/build/services/database.service.js:184:22)
2025-07-10T15:47:58:     at Object.<anonymous> (/home/gti/teamlens/backend_teamlens/build/index.js:28:42)
2025-07-10T15:47:58:     at Module._compile (node:internal/modules/cjs/loader:1529:14)
2025-07-10T15:47:58:     at Module._extensions..js (node:internal/modules/cjs/loader:1613:10)
2025-07-10T15:47:58:     at Module.load (node:internal/modules/cjs/loader:1275:32)
2025-07-10T15:47:58:     at Module._load (node:internal/modules/cjs/loader:1096:12)
2025-07-10T15:47:59: ❌ [Database] Conexión fallida: TypeError: Cannot read properties of undefined (reading 'startsWith')
2025-07-10T15:47:59:     at connectionStringHasValidScheme (/home/gti/teamlens/backend_teamlens/node_modules/mongodb-connection-string-url/lib/index.js:9:30)
2025-07-10T15:47:59:     at new ConnectionString (/home/gti/teamlens/backend_teamlens/node_modules/mongodb-connection-string-url/lib/index.js:85:34)
2025-07-10T15:47:59:     at parseOptions (/home/gti/teamlens/backend_teamlens/node_modules/mongodb/lib/connection_string.js:191:17)
2025-07-10T15:47:59:     at new MongoClient (/home/gti/teamlens/backend_teamlens/node_modules/mongodb/lib/mongo_client.js:51:63)
2025-07-10T15:47:59:     at connectToDatabase (/home/gti/teamlens/backend_teamlens/build/services/database.service.js:184:22)
2025-07-10T15:47:59:     at Object.<anonymous> (/home/gti/teamlens/backend_teamlens/build/index.js:28:42)
2025-07-10T15:47:59:     at Module._compile (node:internal/modules/cjs/loader:1529:14)
2025-07-10T15:47:59:     at Module._extensions..js (node:internal/modules/cjs/loader:1613:10)
2025-07-10T15:47:59:     at Module.load (node:internal/modules/cjs/loader:1275:32)
2025-07-10T15:47:59:     at Module._load (node:internal/modules/cjs/loader:1096:12)
2025-07-10T15:48:00: ❌ [Database] Conexión fallida: TypeError: Cannot read properties of undefined (reading 'startsWith')
2025-07-10T15:48:00:     at connectionStringHasValidScheme (/home/gti/teamlens/backend_teamlens/node_modules/mongodb-connection-string-url/lib/index.js:9:30)
2025-07-10T15:48:00:     at new ConnectionString (/home/gti/teamlens/backend_teamlens/node_modules/mongodb-connection-string-url/lib/index.js:85:34)
2025-07-10T15:48:00:     at parseOptions (/home/gti/teamlens/backend_teamlens/node_modules/mongodb/lib/connection_string.js:191:17)
2025-07-10T15:48:00:     at new MongoClient (/home/gti/teamlens/backend_teamlens/node_modules/mongodb/lib/mongo_client.js:51:63)
2025-07-10T15:48:00:     at connectToDatabase (/home/gti/teamlens/backend_teamlens/build/services/database.service.js:184:22)
2025-07-10T15:48:00:     at Object.<anonymous> (/home/gti/teamlens/backend_teamlens/build/index.js:28:42)
2025-07-10T15:48:00:     at Module._compile (node:internal/modules/cjs/loader:1529:14)
2025-07-10T15:48:00:     at Module._extensions..js (node:internal/modules/cjs/loader:1613:10)
2025-07-10T15:48:00:     at Module.load (node:internal/modules/cjs/loader:1275:32)
2025-07-10T15:48:00:     at Module._load (node:internal/modules/cjs/loader:1096:12)
2025-07-10T15:48:00: ❌ [Database] Conexión fallida: TypeError: Cannot read properties of undefined (reading 'startsWith')
2025-07-10T15:48:00:     at connectionStringHasValidScheme (/home/gti/teamlens/backend_teamlens/node_modules/mongodb-connection-string-url/lib/index.js:9:30)
2025-07-10T15:48:00:     at new ConnectionString (/home/gti/teamlens/backend_teamlens/node_modules/mongodb-connection-string-url/lib/index.js:85:34)
2025-07-10T15:48:00:     at parseOptions (/home/gti/teamlens/backend_teamlens/node_modules/mongodb/lib/connection_string.js:191:17)
2025-07-10T15:48:00:     at new MongoClient (/home/gti/teamlens/backend_teamlens/node_modules/mongodb/lib/mongo_client.js:51:63)
2025-07-10T15:48:00:     at connectToDatabase (/home/gti/teamlens/backend_teamlens/build/services/database.service.js:184:22)
2025-07-10T15:48:00:     at Object.<anonymous> (/home/gti/teamlens/backend_teamlens/build/index.js:28:42)
2025-07-10T15:48:00:     at Module._compile (node:internal/modules/cjs/loader:1529:14)
2025-07-10T15:48:00:     at Module._extensions..js (node:internal/modules/cjs/loader:1613:10)
2025-07-10T15:48:00:     at Module.load (node:internal/modules/cjs/loader:1275:32)
2025-07-10T15:48:00:     at Module._load (node:internal/modules/cjs/loader:1096:12)
2025-07-10T15:48:01: ❌ [Database] Conexión fallida: TypeError: Cannot read properties of undefined (reading 'startsWith')
2025-07-10T15:48:01:     at connectionStringHasValidScheme (/home/gti/teamlens/backend_teamlens/node_modules/mongodb-connection-string-url/lib/index.js:9:30)
2025-07-10T15:48:01:     at new ConnectionString (/home/gti/teamlens/backend_teamlens/node_modules/mongodb-connection-string-url/lib/index.js:85:34)
2025-07-10T15:48:01:     at parseOptions (/home/gti/teamlens/backend_teamlens/node_modules/mongodb/lib/connection_string.js:191:17)
2025-07-10T15:48:01:     at new MongoClient (/home/gti/teamlens/backend_teamlens/node_modules/mongodb/lib/mongo_client.js:51:63)
2025-07-10T15:48:01:     at connectToDatabase (/home/gti/teamlens/backend_teamlens/build/services/database.service.js:184:22)
2025-07-10T15:48:01:     at Object.<anonymous> (/home/gti/teamlens/backend_teamlens/build/index.js:28:42)
2025-07-10T15:48:01:     at Module._compile (node:internal/modules/cjs/loader:1529:14)
2025-07-10T15:48:01:     at Module._extensions..js (node:internal/modules/cjs/loader:1613:10)
2025-07-10T15:48:01:     at Module.load (node:internal/modules/cjs/loader:1275:32)
2025-07-10T15:48:01:     at Module._load (node:internal/modules/cjs/loader:1096:12)
2025-07-10T15:48:02: ❌ [Database] Conexión fallida: TypeError: Cannot read properties of undefined (reading 'startsWith')
2025-07-10T15:48:02:     at connectionStringHasValidScheme (/home/gti/teamlens/backend_teamlens/node_modules/mongodb-connection-string-url/lib/index.js:9:30)
2025-07-10T15:48:02:     at new ConnectionString (/home/gti/teamlens/backend_teamlens/node_modules/mongodb-connection-string-url/lib/index.js:85:34)
2025-07-10T15:48:02:     at parseOptions (/home/gti/teamlens/backend_teamlens/node_modules/mongodb/lib/connection_string.js:191:17)
2025-07-10T15:48:02:     at new MongoClient (/home/gti/teamlens/backend_teamlens/node_modules/mongodb/lib/mongo_client.js:51:63)
2025-07-10T15:48:02:     at connectToDatabase (/home/gti/teamlens/backend_teamlens/build/services/database.service.js:184:22)
2025-07-10T15:48:02:     at Object.<anonymous> (/home/gti/teamlens/backend_teamlens/build/index.js:28:42)
2025-07-10T15:48:02:     at Module._compile (node:internal/modules/cjs/loader:1529:14)
2025-07-10T15:48:02:     at Module._extensions..js (node:internal/modules/cjs/loader:1613:10)
2025-07-10T15:48:02:     at Module.load (node:internal/modules/cjs/loader:1275:32)
2025-07-10T15:48:02:     at Module._load (node:internal/modules/cjs/loader:1096:12)
2025-07-10T15:48:03: ❌ [Database] Conexión fallida: TypeError: Cannot read properties of undefined (reading 'startsWith')
2025-07-10T15:48:03:     at connectionStringHasValidScheme (/home/gti/teamlens/backend_teamlens/node_modules/mongodb-connection-string-url/lib/index.js:9:30)
2025-07-10T15:48:03:     at new ConnectionString (/home/gti/teamlens/backend_teamlens/node_modules/mongodb-connection-string-url/lib/index.js:85:34)
2025-07-10T15:48:03:     at parseOptions (/home/gti/teamlens/backend_teamlens/node_modules/mongodb/lib/connection_string.js:191:17)
2025-07-10T15:48:03:     at new MongoClient (/home/gti/teamlens/backend_teamlens/node_modules/mongodb/lib/mongo_client.js:51:63)
2025-07-10T15:48:03:     at connectToDatabase (/home/gti/teamlens/backend_teamlens/build/services/database.service.js:184:22)
2025-07-10T15:48:03:     at Object.<anonymous> (/home/gti/teamlens/backend_teamlens/build/index.js:28:42)
2025-07-10T15:48:03:     at Module._compile (node:internal/modules/cjs/loader:1529:14)
2025-07-10T15:48:03:     at Module._extensions..js (node:internal/modules/cjs/loader:1613:10)
2025-07-10T15:48:03:     at Module.load (node:internal/modules/cjs/loader:1275:32)
2025-07-10T15:48:03:     at Module._load (node:internal/modules/cjs/loader:1096:12)
2025-07-10T15:48:04: ❌ [Database] Conexión fallida: TypeError: Cannot read properties of undefined (reading 'startsWith')
2025-07-10T15:48:04:     at connectionStringHasValidScheme (/home/gti/teamlens/backend_teamlens/node_modules/mongodb-connection-string-url/lib/index.js:9:30)
2025-07-10T15:48:04:     at new ConnectionString (/home/gti/teamlens/backend_teamlens/node_modules/mongodb-connection-string-url/lib/index.js:85:34)
2025-07-10T15:48:04:     at parseOptions (/home/gti/teamlens/backend_teamlens/node_modules/mongodb/lib/connection_string.js:191:17)
2025-07-10T15:48:04:     at new MongoClient (/home/gti/teamlens/backend_teamlens/node_modules/mongodb/lib/mongo_client.js:51:63)
2025-07-10T15:48:04:     at connectToDatabase (/home/gti/teamlens/backend_teamlens/build/services/database.service.js:184:22)
2025-07-10T15:48:04:     at Object.<anonymous> (/home/gti/teamlens/backend_teamlens/build/index.js:28:42)
2025-07-10T15:48:04:     at Module._compile (node:internal/modules/cjs/loader:1529:14)
2025-07-10T15:48:04:     at Module._extensions..js (node:internal/modules/cjs/loader:1613:10)
2025-07-10T15:48:04:     at Module.load (node:internal/modules/cjs/loader:1275:32)
2025-07-10T15:48:04:     at Module._load (node:internal/modules/cjs/loader:1096:12)
2025-07-10T15:48:05: ❌ [Database] Conexión fallida: TypeError: Cannot read properties of undefined (reading 'startsWith')
2025-07-10T15:48:05:     at connectionStringHasValidScheme (/home/gti/teamlens/backend_teamlens/node_modules/mongodb-connection-string-url/lib/index.js:9:30)
2025-07-10T15:48:05:     at new ConnectionString (/home/gti/teamlens/backend_teamlens/node_modules/mongodb-connection-string-url/lib/index.js:85:34)
2025-07-10T15:48:05:     at parseOptions (/home/gti/teamlens/backend_teamlens/node_modules/mongodb/lib/connection_string.js:191:17)
2025-07-10T15:48:05:     at new MongoClient (/home/gti/teamlens/backend_teamlens/node_modules/mongodb/lib/mongo_client.js:51:63)
2025-07-10T15:48:05:     at connectToDatabase (/home/gti/teamlens/backend_teamlens/build/services/database.service.js:184:22)
2025-07-10T15:48:05:     at Object.<anonymous> (/home/gti/teamlens/backend_teamlens/build/index.js:28:42)
2025-07-10T15:48:05:     at Module._compile (node:internal/modules/cjs/loader:1529:14)
2025-07-10T15:48:05:     at Module._extensions..js (node:internal/modules/cjs/loader:1613:10)
2025-07-10T15:48:05:     at Module.load (node:internal/modules/cjs/loader:1275:32)
2025-07-10T15:48:05:     at Module._load (node:internal/modules/cjs/loader:1096:12)
2025-07-10T15:48:06: ❌ [Database] Conexión fallida: TypeError: Cannot read properties of undefined (reading 'startsWith')
2025-07-10T15:48:06:     at connectionStringHasValidScheme (/home/gti/teamlens/backend_teamlens/node_modules/mongodb-connection-string-url/lib/index.js:9:30)
2025-07-10T15:48:06:     at new ConnectionString (/home/gti/teamlens/backend_teamlens/node_modules/mongodb-connection-string-url/lib/index.js:85:34)
2025-07-10T15:48:06:     at parseOptions (/home/gti/teamlens/backend_teamlens/node_modules/mongodb/lib/connection_string.js:191:17)
2025-07-10T15:48:06:     at new MongoClient (/home/gti/teamlens/backend_teamlens/node_modules/mongodb/lib/mongo_client.js:51:63)
2025-07-10T15:48:06:     at connectToDatabase (/home/gti/teamlens/backend_teamlens/build/services/database.service.js:184:22)
2025-07-10T15:48:06:     at Object.<anonymous> (/home/gti/teamlens/backend_teamlens/build/index.js:28:42)
2025-07-10T15:48:06:     at Module._compile (node:internal/modules/cjs/loader:1529:14)
2025-07-10T15:48:06:     at Module._extensions..js (node:internal/modules/cjs/loader:1613:10)
2025-07-10T15:48:06:     at Module.load (node:internal/modules/cjs/loader:1275:32)
2025-07-10T15:48:06:     at Module._load (node:internal/modules/cjs/loader:1096:12)
2025-07-10T15:48:06: ❌ [Database] Conexión fallida: TypeError: Cannot read properties of undefined (reading 'startsWith')
2025-07-10T15:48:06:     at connectionStringHasValidScheme (/home/gti/teamlens/backend_teamlens/node_modules/mongodb-connection-string-url/lib/index.js:9:30)
2025-07-10T15:48:06:     at new ConnectionString (/home/gti/teamlens/backend_teamlens/node_modules/mongodb-connection-string-url/lib/index.js:85:34)
2025-07-10T15:48:06:     at parseOptions (/home/gti/teamlens/backend_teamlens/node_modules/mongodb/lib/connection_string.js:191:17)
2025-07-10T15:48:06:     at new MongoClient (/home/gti/teamlens/backend_teamlens/node_modules/mongodb/lib/mongo_client.js:51:63)
2025-07-10T15:48:06:     at connectToDatabase (/home/gti/teamlens/backend_teamlens/build/services/database.service.js:184:22)
2025-07-10T15:48:06:     at Object.<anonymous> (/home/gti/teamlens/backend_teamlens/build/index.js:28:42)
2025-07-10T15:48:06:     at Module._compile (node:internal/modules/cjs/loader:1529:14)
2025-07-10T15:48:06:     at Module._extensions..js (node:internal/modules/cjs/loader:1613:10)
2025-07-10T15:48:06:     at Module.load (node:internal/modules/cjs/loader:1275:32)
2025-07-10T15:48:06:     at Module._load (node:internal/modules/cjs/loader:1096:12)
2025-07-10T15:48:08: ❌ [Database] Conexión fallida: TypeError: Cannot read properties of undefined (reading 'startsWith')
2025-07-10T15:48:08:     at connectionStringHasValidScheme (/home/gti/teamlens/backend_teamlens/node_modules/mongodb-connection-string-url/lib/index.js:9:30)
2025-07-10T15:48:08:     at new ConnectionString (/home/gti/teamlens/backend_teamlens/node_modules/mongodb-connection-string-url/lib/index.js:85:34)
2025-07-10T15:48:08:     at parseOptions (/home/gti/teamlens/backend_teamlens/node_modules/mongodb/lib/connection_string.js:191:17)
2025-07-10T15:48:08:     at new MongoClient (/home/gti/teamlens/backend_teamlens/node_modules/mongodb/lib/mongo_client.js:51:63)
2025-07-10T15:48:08:     at connectToDatabase (/home/gti/teamlens/backend_teamlens/build/services/database.service.js:184:22)
2025-07-10T15:48:08:     at Object.<anonymous> (/home/gti/teamlens/backend_teamlens/build/index.js:28:42)
2025-07-10T15:48:08:     at Module._compile (node:internal/modules/cjs/loader:1529:14)
2025-07-10T15:48:08:     at Module._extensions..js (node:internal/modules/cjs/loader:1613:10)
2025-07-10T15:48:08:     at Module.load (node:internal/modules/cjs/loader:1275:32)
2025-07-10T15:48:08:     at Module._load (node:internal/modules/cjs/loader:1096:12)
2025-07-10T15:48:08: ❌ [Database] Conexión fallida: TypeError: Cannot read properties of undefined (reading 'startsWith')
2025-07-10T15:48:08:     at connectionStringHasValidScheme (/home/gti/teamlens/backend_teamlens/node_modules/mongodb-connection-string-url/lib/index.js:9:30)
2025-07-10T15:48:08:     at new ConnectionString (/home/gti/teamlens/backend_teamlens/node_modules/mongodb-connection-string-url/lib/index.js:85:34)
2025-07-10T15:48:08:     at parseOptions (/home/gti/teamlens/backend_teamlens/node_modules/mongodb/lib/connection_string.js:191:17)
2025-07-10T15:48:08:     at new MongoClient (/home/gti/teamlens/backend_teamlens/node_modules/mongodb/lib/mongo_client.js:51:63)
2025-07-10T15:48:08:     at connectToDatabase (/home/gti/teamlens/backend_teamlens/build/services/database.service.js:184:22)
2025-07-10T15:48:08:     at Object.<anonymous> (/home/gti/teamlens/backend_teamlens/build/index.js:28:42)
2025-07-10T15:48:08:     at Module._compile (node:internal/modules/cjs/loader:1529:14)
2025-07-10T15:48:08:     at Module._extensions..js (node:internal/modules/cjs/loader:1613:10)
2025-07-10T15:48:08:     at Module.load (node:internal/modules/cjs/loader:1275:32)
2025-07-10T15:48:08:     at Module._load (node:internal/modules/cjs/loader:1096:12)
2025-07-10T15:48:09: ❌ [Database] Conexión fallida: TypeError: Cannot read properties of undefined (reading 'startsWith')
2025-07-10T15:48:09:     at connectionStringHasValidScheme (/home/gti/teamlens/backend_teamlens/node_modules/mongodb-connection-string-url/lib/index.js:9:30)
2025-07-10T15:48:09:     at new ConnectionString (/home/gti/teamlens/backend_teamlens/node_modules/mongodb-connection-string-url/lib/index.js:85:34)
2025-07-10T15:48:09:     at parseOptions (/home/gti/teamlens/backend_teamlens/node_modules/mongodb/lib/connection_string.js:191:17)
2025-07-10T15:48:09:     at new MongoClient (/home/gti/teamlens/backend_teamlens/node_modules/mongodb/lib/mongo_client.js:51:63)
2025-07-10T15:48:09:     at connectToDatabase (/home/gti/teamlens/backend_teamlens/build/services/database.service.js:184:22)
2025-07-10T15:48:09:     at Object.<anonymous> (/home/gti/teamlens/backend_teamlens/build/index.js:28:42)
2025-07-10T15:48:09:     at Module._compile (node:internal/modules/cjs/loader:1529:14)
2025-07-10T15:48:09:     at Module._extensions..js (node:internal/modules/cjs/loader:1613:10)
2025-07-10T15:48:09:     at Module.load (node:internal/modules/cjs/loader:1275:32)
2025-07-10T15:48:09:     at Module._load (node:internal/modules/cjs/loader:1096:12)
2025-07-10T15:48:10: ❌ [Database] Conexión fallida: TypeError: Cannot read properties of undefined (reading 'startsWith')
2025-07-10T15:48:10:     at connectionStringHasValidScheme (/home/gti/teamlens/backend_teamlens/node_modules/mongodb-connection-string-url/lib/index.js:9:30)
2025-07-10T15:48:10:     at new ConnectionString (/home/gti/teamlens/backend_teamlens/node_modules/mongodb-connection-string-url/lib/index.js:85:34)
2025-07-10T15:48:10:     at parseOptions (/home/gti/teamlens/backend_teamlens/node_modules/mongodb/lib/connection_string.js:191:17)
2025-07-10T15:48:10:     at new MongoClient (/home/gti/teamlens/backend_teamlens/node_modules/mongodb/lib/mongo_client.js:51:63)
2025-07-10T15:48:10:     at connectToDatabase (/home/gti/teamlens/backend_teamlens/build/services/database.service.js:184:22)
2025-07-10T15:48:10:     at Object.<anonymous> (/home/gti/teamlens/backend_teamlens/build/index.js:28:42)
2025-07-10T15:48:10:     at Module._compile (node:internal/modules/cjs/loader:1529:14)
2025-07-10T15:48:10:     at Module._extensions..js (node:internal/modules/cjs/loader:1613:10)
2025-07-10T15:48:10:     at Module.load (node:internal/modules/cjs/loader:1275:32)
2025-07-10T15:48:10:     at Module._load (node:internal/modules/cjs/loader:1096:12)
2025-07-10T15:48:11: ❌ [Database] Conexión fallida: TypeError: Cannot read properties of undefined (reading 'startsWith')
2025-07-10T15:48:11:     at connectionStringHasValidScheme (/home/gti/teamlens/backend_teamlens/node_modules/mongodb-connection-string-url/lib/index.js:9:30)
2025-07-10T15:48:11:     at new ConnectionString (/home/gti/teamlens/backend_teamlens/node_modules/mongodb-connection-string-url/lib/index.js:85:34)
2025-07-10T15:48:11:     at parseOptions (/home/gti/teamlens/backend_teamlens/node_modules/mongodb/lib/connection_string.js:191:17)
2025-07-10T15:48:11:     at new MongoClient (/home/gti/teamlens/backend_teamlens/node_modules/mongodb/lib/mongo_client.js:51:63)
2025-07-10T15:48:11:     at connectToDatabase (/home/gti/teamlens/backend_teamlens/build/services/database.service.js:184:22)
2025-07-10T15:48:11:     at Object.<anonymous> (/home/gti/teamlens/backend_teamlens/build/index.js:28:42)
2025-07-10T15:48:11:     at Module._compile (node:internal/modules/cjs/loader:1529:14)
2025-07-10T15:48:11:     at Module._extensions..js (node:internal/modules/cjs/loader:1613:10)
2025-07-10T15:48:11:     at Module.load (node:internal/modules/cjs/loader:1275:32)
2025-07-10T15:48:11:     at Module._load (node:internal/modules/cjs/loader:1096:12)
2025-07-10T15:48:12: ❌ [Database] Conexión fallida: TypeError: Cannot read properties of undefined (reading 'startsWith')
2025-07-10T15:48:12:     at connectionStringHasValidScheme (/home/gti/teamlens/backend_teamlens/node_modules/mongodb-connection-string-url/lib/index.js:9:30)
2025-07-10T15:48:12:     at new ConnectionString (/home/gti/teamlens/backend_teamlens/node_modules/mongodb-connection-string-url/lib/index.js:85:34)
2025-07-10T15:48:12:     at parseOptions (/home/gti/teamlens/backend_teamlens/node_modules/mongodb/lib/connection_string.js:191:17)
2025-07-10T15:48:12:     at new MongoClient (/home/gti/teamlens/backend_teamlens/node_modules/mongodb/lib/mongo_client.js:51:63)
2025-07-10T15:48:12:     at connectToDatabase (/home/gti/teamlens/backend_teamlens/build/services/database.service.js:184:22)
2025-07-10T15:48:12:     at Object.<anonymous> (/home/gti/teamlens/backend_teamlens/build/index.js:28:42)
2025-07-10T15:48:12:     at Module._compile (node:internal/modules/cjs/loader:1529:14)
2025-07-10T15:48:12:     at Module._extensions..js (node:internal/modules/cjs/loader:1613:10)
2025-07-10T15:48:12:     at Module.load (node:internal/modules/cjs/loader:1275:32)
2025-07-10T15:48:12:     at Module._load (node:internal/modules/cjs/loader:1096:12)
2025-07-10T15:48:13: ❌ [Database] Conexión fallida: TypeError: Cannot read properties of undefined (reading 'startsWith')
2025-07-10T15:48:13:     at connectionStringHasValidScheme (/home/gti/teamlens/backend_teamlens/node_modules/mongodb-connection-string-url/lib/index.js:9:30)
2025-07-10T15:48:13:     at new ConnectionString (/home/gti/teamlens/backend_teamlens/node_modules/mongodb-connection-string-url/lib/index.js:85:34)
2025-07-10T15:48:13:     at parseOptions (/home/gti/teamlens/backend_teamlens/node_modules/mongodb/lib/connection_string.js:191:17)
2025-07-10T15:48:13:     at new MongoClient (/home/gti/teamlens/backend_teamlens/node_modules/mongodb/lib/mongo_client.js:51:63)
2025-07-10T15:48:13:     at connectToDatabase (/home/gti/teamlens/backend_teamlens/build/services/database.service.js:184:22)
2025-07-10T15:48:13:     at Object.<anonymous> (/home/gti/teamlens/backend_teamlens/build/index.js:28:42)
2025-07-10T15:48:13:     at Module._compile (node:internal/modules/cjs/loader:1529:14)
2025-07-10T15:48:13:     at Module._extensions..js (node:internal/modules/cjs/loader:1613:10)
2025-07-10T15:48:13:     at Module.load (node:internal/modules/cjs/loader:1275:32)
2025-07-10T15:48:13:     at Module._load (node:internal/modules/cjs/loader:1096:12)
2025-07-10T15:48:14: ❌ [Database] Conexión fallida: TypeError: Cannot read properties of undefined (reading 'startsWith')
2025-07-10T15:48:14:     at connectionStringHasValidScheme (/home/gti/teamlens/backend_teamlens/node_modules/mongodb-connection-string-url/lib/index.js:9:30)
2025-07-10T15:48:14:     at new ConnectionString (/home/gti/teamlens/backend_teamlens/node_modules/mongodb-connection-string-url/lib/index.js:85:34)
2025-07-10T15:48:14:     at parseOptions (/home/gti/teamlens/backend_teamlens/node_modules/mongodb/lib/connection_string.js:191:17)
2025-07-10T15:48:14:     at new MongoClient (/home/gti/teamlens/backend_teamlens/node_modules/mongodb/lib/mongo_client.js:51:63)
2025-07-10T15:48:14:     at connectToDatabase (/home/gti/teamlens/backend_teamlens/build/services/database.service.js:184:22)
2025-07-10T15:48:14:     at Object.<anonymous> (/home/gti/teamlens/backend_teamlens/build/index.js:28:42)
2025-07-10T15:48:14:     at Module._compile (node:internal/modules/cjs/loader:1529:14)
2025-07-10T15:48:14:     at Module._extensions..js (node:internal/modules/cjs/loader:1613:10)
2025-07-10T15:48:14:     at Module.load (node:internal/modules/cjs/loader:1275:32)
2025-07-10T15:48:14:     at Module._load (node:internal/modules/cjs/loader:1096:12)
2025-07-10T15:48:15: ❌ [Database] Conexión fallida: TypeError: Cannot read properties of undefined (reading 'startsWith')
2025-07-10T15:48:15:     at connectionStringHasValidScheme (/home/gti/teamlens/backend_teamlens/node_modules/mongodb-connection-string-url/lib/index.js:9:30)
2025-07-10T15:48:15:     at new ConnectionString (/home/gti/teamlens/backend_teamlens/node_modules/mongodb-connection-string-url/lib/index.js:85:34)
2025-07-10T15:48:15:     at parseOptions (/home/gti/teamlens/backend_teamlens/node_modules/mongodb/lib/connection_string.js:191:17)
2025-07-10T15:48:15:     at new MongoClient (/home/gti/teamlens/backend_teamlens/node_modules/mongodb/lib/mongo_client.js:51:63)
2025-07-10T15:48:15:     at connectToDatabase (/home/gti/teamlens/backend_teamlens/build/services/database.service.js:184:22)
2025-07-10T15:48:15:     at Object.<anonymous> (/home/gti/teamlens/backend_teamlens/build/index.js:28:42)
2025-07-10T15:48:15:     at Module._compile (node:internal/modules/cjs/loader:1529:14)
2025-07-10T15:48:15:     at Module._extensions..js (node:internal/modules/cjs/loader:1613:10)
2025-07-10T15:48:15:     at Module.load (node:internal/modules/cjs/loader:1275:32)
2025-07-10T15:48:15:     at Module._load (node:internal/modules/cjs/loader:1096:12)
2025-07-10T15:48:16: ❌ [Database] Conexión fallida: TypeError: Cannot read properties of undefined (reading 'startsWith')
2025-07-10T15:48:16:     at connectionStringHasValidScheme (/home/gti/teamlens/backend_teamlens/node_modules/mongodb-connection-string-url/lib/index.js:9:30)
2025-07-10T15:48:16:     at new ConnectionString (/home/gti/teamlens/backend_teamlens/node_modules/mongodb-connection-string-url/lib/index.js:85:34)
2025-07-10T15:48:16:     at parseOptions (/home/gti/teamlens/backend_teamlens/node_modules/mongodb/lib/connection_string.js:191:17)
2025-07-10T15:48:16:     at new MongoClient (/home/gti/teamlens/backend_teamlens/node_modules/mongodb/lib/mongo_client.js:51:63)
2025-07-10T15:48:16:     at connectToDatabase (/home/gti/teamlens/backend_teamlens/build/services/database.service.js:184:22)
2025-07-10T15:48:16:     at Object.<anonymous> (/home/gti/teamlens/backend_teamlens/build/index.js:28:42)
2025-07-10T15:48:16:     at Module._compile (node:internal/modules/cjs/loader:1529:14)
2025-07-10T15:48:16:     at Module._extensions..js (node:internal/modules/cjs/loader:1613:10)
2025-07-10T15:48:16:     at Module.load (node:internal/modules/cjs/loader:1275:32)
2025-07-10T15:48:16:     at Module._load (node:internal/modules/cjs/loader:1096:12)
2025-07-10T15:48:17: ❌ [Database] Conexión fallida: TypeError: Cannot read properties of undefined (reading 'startsWith')
2025-07-10T15:48:17:     at connectionStringHasValidScheme (/home/gti/teamlens/backend_teamlens/node_modules/mongodb-connection-string-url/lib/index.js:9:30)
2025-07-10T15:48:17:     at new ConnectionString (/home/gti/teamlens/backend_teamlens/node_modules/mongodb-connection-string-url/lib/index.js:85:34)
2025-07-10T15:48:17:     at parseOptions (/home/gti/teamlens/backend_teamlens/node_modules/mongodb/lib/connection_string.js:191:17)
2025-07-10T15:48:17:     at new MongoClient (/home/gti/teamlens/backend_teamlens/node_modules/mongodb/lib/mongo_client.js:51:63)
2025-07-10T15:48:17:     at connectToDatabase (/home/gti/teamlens/backend_teamlens/build/services/database.service.js:184:22)
2025-07-10T15:48:17:     at Object.<anonymous> (/home/gti/teamlens/backend_teamlens/build/index.js:28:42)
2025-07-10T15:48:17:     at Module._compile (node:internal/modules/cjs/loader:1529:14)
2025-07-10T15:48:17:     at Module._extensions..js (node:internal/modules/cjs/loader:1613:10)
2025-07-10T15:48:17:     at Module.load (node:internal/modules/cjs/loader:1275:32)
2025-07-10T15:48:17:     at Module._load (node:internal/modules/cjs/loader:1096:12)
2025-07-10T15:48:18: ❌ [Database] Conexión fallida: TypeError: Cannot read properties of undefined (reading 'startsWith')
2025-07-10T15:48:18:     at connectionStringHasValidScheme (/home/gti/teamlens/backend_teamlens/node_modules/mongodb-connection-string-url/lib/index.js:9:30)
2025-07-10T15:48:18:     at new ConnectionString (/home/gti/teamlens/backend_teamlens/node_modules/mongodb-connection-string-url/lib/index.js:85:34)
2025-07-10T15:48:18:     at parseOptions (/home/gti/teamlens/backend_teamlens/node_modules/mongodb/lib/connection_string.js:191:17)
2025-07-10T15:48:18:     at new MongoClient (/home/gti/teamlens/backend_teamlens/node_modules/mongodb/lib/mongo_client.js:51:63)
2025-07-10T15:48:18:     at connectToDatabase (/home/gti/teamlens/backend_teamlens/build/services/database.service.js:184:22)
2025-07-10T15:48:18:     at Object.<anonymous> (/home/gti/teamlens/backend_teamlens/build/index.js:28:42)
2025-07-10T15:48:18:     at Module._compile (node:internal/modules/cjs/loader:1529:14)
2025-07-10T15:48:18:     at Module._extensions..js (node:internal/modules/cjs/loader:1613:10)
2025-07-10T15:48:18:     at Module.load (node:internal/modules/cjs/loader:1275:32)
2025-07-10T15:48:18:     at Module._load (node:internal/modules/cjs/loader:1096:12)
2025-07-10T15:48:18: ❌ [Database] Conexión fallida: TypeError: Cannot read properties of undefined (reading 'startsWith')
2025-07-10T15:48:18:     at connectionStringHasValidScheme (/home/gti/teamlens/backend_teamlens/node_modules/mongodb-connection-string-url/lib/index.js:9:30)
2025-07-10T15:48:18:     at new ConnectionString (/home/gti/teamlens/backend_teamlens/node_modules/mongodb-connection-string-url/lib/index.js:85:34)
2025-07-10T15:48:18:     at parseOptions (/home/gti/teamlens/backend_teamlens/node_modules/mongodb/lib/connection_string.js:191:17)
2025-07-10T15:48:18:     at new MongoClient (/home/gti/teamlens/backend_teamlens/node_modules/mongodb/lib/mongo_client.js:51:63)
2025-07-10T15:48:18:     at connectToDatabase (/home/gti/teamlens/backend_teamlens/build/services/database.service.js:184:22)
2025-07-10T15:48:18:     at Object.<anonymous> (/home/gti/teamlens/backend_teamlens/build/index.js:28:42)
2025-07-10T15:48:18:     at Module._compile (node:internal/modules/cjs/loader:1529:14)
2025-07-10T15:48:18:     at Module._extensions..js (node:internal/modules/cjs/loader:1613:10)
2025-07-10T15:48:18:     at Module.load (node:internal/modules/cjs/loader:1275:32)
2025-07-10T15:48:18:     at Module._load (node:internal/modules/cjs/loader:1096:12)
2025-07-10T15:48:19: ❌ [Database] Conexión fallida: TypeError: Cannot read properties of undefined (reading 'startsWith')
2025-07-10T15:48:19:     at connectionStringHasValidScheme (/home/gti/teamlens/backend_teamlens/node_modules/mongodb-connection-string-url/lib/index.js:9:30)
2025-07-10T15:48:19:     at new ConnectionString (/home/gti/teamlens/backend_teamlens/node_modules/mongodb-connection-string-url/lib/index.js:85:34)
2025-07-10T15:48:19:     at parseOptions (/home/gti/teamlens/backend_teamlens/node_modules/mongodb/lib/connection_string.js:191:17)
2025-07-10T15:48:19:     at new MongoClient (/home/gti/teamlens/backend_teamlens/node_modules/mongodb/lib/mongo_client.js:51:63)
2025-07-10T15:48:19:     at connectToDatabase (/home/gti/teamlens/backend_teamlens/build/services/database.service.js:184:22)
2025-07-10T15:48:19:     at Object.<anonymous> (/home/gti/teamlens/backend_teamlens/build/index.js:28:42)
2025-07-10T15:48:19:     at Module._compile (node:internal/modules/cjs/loader:1529:14)
2025-07-10T15:48:19:     at Module._extensions..js (node:internal/modules/cjs/loader:1613:10)
2025-07-10T15:48:19:     at Module.load (node:internal/modules/cjs/loader:1275:32)
2025-07-10T15:48:19:     at Module._load (node:internal/modules/cjs/loader:1096:12)
2025-07-10T15:48:20: ❌ [Database] Conexión fallida: TypeError: Cannot read properties of undefined (reading 'startsWith')
2025-07-10T15:48:20:     at connectionStringHasValidScheme (/home/gti/teamlens/backend_teamlens/node_modules/mongodb-connection-string-url/lib/index.js:9:30)
2025-07-10T15:48:20:     at new ConnectionString (/home/gti/teamlens/backend_teamlens/node_modules/mongodb-connection-string-url/lib/index.js:85:34)
2025-07-10T15:48:20:     at parseOptions (/home/gti/teamlens/backend_teamlens/node_modules/mongodb/lib/connection_string.js:191:17)
2025-07-10T15:48:20:     at new MongoClient (/home/gti/teamlens/backend_teamlens/node_modules/mongodb/lib/mongo_client.js:51:63)
2025-07-10T15:48:20:     at connectToDatabase (/home/gti/teamlens/backend_teamlens/build/services/database.service.js:184:22)
2025-07-10T15:48:20:     at Object.<anonymous> (/home/gti/teamlens/backend_teamlens/build/index.js:28:42)
2025-07-10T15:48:20:     at Module._compile (node:internal/modules/cjs/loader:1529:14)
2025-07-10T15:48:20:     at Module._extensions..js (node:internal/modules/cjs/loader:1613:10)
2025-07-10T15:48:20:     at Module.load (node:internal/modules/cjs/loader:1275:32)
2025-07-10T15:48:20:     at Module._load (node:internal/modules/cjs/loader:1096:12)
2025-07-10T15:48:21: ❌ [Database] Conexión fallida: TypeError: Cannot read properties of undefined (reading 'startsWith')
2025-07-10T15:48:21:     at connectionStringHasValidScheme (/home/gti/teamlens/backend_teamlens/node_modules/mongodb-connection-string-url/lib/index.js:9:30)
2025-07-10T15:48:21:     at new ConnectionString (/home/gti/teamlens/backend_teamlens/node_modules/mongodb-connection-string-url/lib/index.js:85:34)
2025-07-10T15:48:21:     at parseOptions (/home/gti/teamlens/backend_teamlens/node_modules/mongodb/lib/connection_string.js:191:17)
2025-07-10T15:48:21:     at new MongoClient (/home/gti/teamlens/backend_teamlens/node_modules/mongodb/lib/mongo_client.js:51:63)
2025-07-10T15:48:21:     at connectToDatabase (/home/gti/teamlens/backend_teamlens/build/services/database.service.js:184:22)
2025-07-10T15:48:21:     at Object.<anonymous> (/home/gti/teamlens/backend_teamlens/build/index.js:28:42)
2025-07-10T15:48:21:     at Module._compile (node:internal/modules/cjs/loader:1529:14)
2025-07-10T15:48:21:     at Module._extensions..js (node:internal/modules/cjs/loader:1613:10)
2025-07-10T15:48:21:     at Module.load (node:internal/modules/cjs/loader:1275:32)
2025-07-10T15:48:21:     at Module._load (node:internal/modules/cjs/loader:1096:12)
2025-07-10T15:48:22: ❌ [Database] Conexión fallida: TypeError: Cannot read properties of undefined (reading 'startsWith')
2025-07-10T15:48:22:     at connectionStringHasValidScheme (/home/gti/teamlens/backend_teamlens/node_modules/mongodb-connection-string-url/lib/index.js:9:30)
2025-07-10T15:48:22:     at new ConnectionString (/home/gti/teamlens/backend_teamlens/node_modules/mongodb-connection-string-url/lib/index.js:85:34)
2025-07-10T15:48:22:     at parseOptions (/home/gti/teamlens/backend_teamlens/node_modules/mongodb/lib/connection_string.js:191:17)
2025-07-10T15:48:22:     at new MongoClient (/home/gti/teamlens/backend_teamlens/node_modules/mongodb/lib/mongo_client.js:51:63)
2025-07-10T15:48:22:     at connectToDatabase (/home/gti/teamlens/backend_teamlens/build/services/database.service.js:184:22)
2025-07-10T15:48:22:     at Object.<anonymous> (/home/gti/teamlens/backend_teamlens/build/index.js:28:42)
2025-07-10T15:48:22:     at Module._compile (node:internal/modules/cjs/loader:1529:14)
2025-07-10T15:48:22:     at Module._extensions..js (node:internal/modules/cjs/loader:1613:10)
2025-07-10T15:48:22:     at Module.load (node:internal/modules/cjs/loader:1275:32)
2025-07-10T15:48:22:     at Module._load (node:internal/modules/cjs/loader:1096:12)
2025-07-10T15:48:23: ❌ [Database] Conexión fallida: TypeError: Cannot read properties of undefined (reading 'startsWith')
2025-07-10T15:48:23:     at connectionStringHasValidScheme (/home/gti/teamlens/backend_teamlens/node_modules/mongodb-connection-string-url/lib/index.js:9:30)
2025-07-10T15:48:23:     at new ConnectionString (/home/gti/teamlens/backend_teamlens/node_modules/mongodb-connection-string-url/lib/index.js:85:34)
2025-07-10T15:48:23:     at parseOptions (/home/gti/teamlens/backend_teamlens/node_modules/mongodb/lib/connection_string.js:191:17)
2025-07-10T15:48:23:     at new MongoClient (/home/gti/teamlens/backend_teamlens/node_modules/mongodb/lib/mongo_client.js:51:63)
2025-07-10T15:48:23:     at connectToDatabase (/home/gti/teamlens/backend_teamlens/build/services/database.service.js:184:22)
2025-07-10T15:48:23:     at Object.<anonymous> (/home/gti/teamlens/backend_teamlens/build/index.js:28:42)
2025-07-10T15:48:23:     at Module._compile (node:internal/modules/cjs/loader:1529:14)
2025-07-10T15:48:23:     at Module._extensions..js (node:internal/modules/cjs/loader:1613:10)
2025-07-10T15:48:23:     at Module.load (node:internal/modules/cjs/loader:1275:32)
2025-07-10T15:48:23:     at Module._load (node:internal/modules/cjs/loader:1096:12)
2025-07-10T15:48:24: ❌ [Database] Conexión fallida: TypeError: Cannot read properties of undefined (reading 'startsWith')
2025-07-10T15:48:24:     at connectionStringHasValidScheme (/home/gti/teamlens/backend_teamlens/node_modules/mongodb-connection-string-url/lib/index.js:9:30)
2025-07-10T15:48:24:     at new ConnectionString (/home/gti/teamlens/backend_teamlens/node_modules/mongodb-connection-string-url/lib/index.js:85:34)
2025-07-10T15:48:24:     at parseOptions (/home/gti/teamlens/backend_teamlens/node_modules/mongodb/lib/connection_string.js:191:17)
2025-07-10T15:48:24:     at new MongoClient (/home/gti/teamlens/backend_teamlens/node_modules/mongodb/lib/mongo_client.js:51:63)
2025-07-10T15:48:24:     at connectToDatabase (/home/gti/teamlens/backend_teamlens/build/services/database.service.js:184:22)
2025-07-10T15:48:24:     at Object.<anonymous> (/home/gti/teamlens/backend_teamlens/build/index.js:28:42)
2025-07-10T15:48:24:     at Module._compile (node:internal/modules/cjs/loader:1529:14)
2025-07-10T15:48:24:     at Module._extensions..js (node:internal/modules/cjs/loader:1613:10)
2025-07-10T15:48:24:     at Module.load (node:internal/modules/cjs/loader:1275:32)
2025-07-10T15:48:24:     at Module._load (node:internal/modules/cjs/loader:1096:12)
2025-07-10T15:48:25: ❌ [Database] Conexión fallida: TypeError: Cannot read properties of undefined (reading 'startsWith')
2025-07-10T15:48:25:     at connectionStringHasValidScheme (/home/gti/teamlens/backend_teamlens/node_modules/mongodb-connection-string-url/lib/index.js:9:30)
2025-07-10T15:48:25:     at new ConnectionString (/home/gti/teamlens/backend_teamlens/node_modules/mongodb-connection-string-url/lib/index.js:85:34)
2025-07-10T15:48:25:     at parseOptions (/home/gti/teamlens/backend_teamlens/node_modules/mongodb/lib/connection_string.js:191:17)
2025-07-10T15:48:25:     at new MongoClient (/home/gti/teamlens/backend_teamlens/node_modules/mongodb/lib/mongo_client.js:51:63)
2025-07-10T15:48:25:     at connectToDatabase (/home/gti/teamlens/backend_teamlens/build/services/database.service.js:184:22)
2025-07-10T15:48:25:     at Object.<anonymous> (/home/gti/teamlens/backend_teamlens/build/index.js:28:42)
2025-07-10T15:48:25:     at Module._compile (node:internal/modules/cjs/loader:1529:14)
2025-07-10T15:48:25:     at Module._extensions..js (node:internal/modules/cjs/loader:1613:10)
2025-07-10T15:48:25:     at Module.load (node:internal/modules/cjs/loader:1275:32)
2025-07-10T15:48:25:     at Module._load (node:internal/modules/cjs/loader:1096:12)
2025-07-10T15:48:26: ❌ [Database] Conexión fallida: TypeError: Cannot read properties of undefined (reading 'startsWith')
2025-07-10T15:48:26:     at connectionStringHasValidScheme (/home/gti/teamlens/backend_teamlens/node_modules/mongodb-connection-string-url/lib/index.js:9:30)
2025-07-10T15:48:26:     at new ConnectionString (/home/gti/teamlens/backend_teamlens/node_modules/mongodb-connection-string-url/lib/index.js:85:34)
2025-07-10T15:48:26:     at parseOptions (/home/gti/teamlens/backend_teamlens/node_modules/mongodb/lib/connection_string.js:191:17)
2025-07-10T15:48:26:     at new MongoClient (/home/gti/teamlens/backend_teamlens/node_modules/mongodb/lib/mongo_client.js:51:63)
2025-07-10T15:48:26:     at connectToDatabase (/home/gti/teamlens/backend_teamlens/build/services/database.service.js:184:22)
2025-07-10T15:48:26:     at Object.<anonymous> (/home/gti/teamlens/backend_teamlens/build/index.js:28:42)
2025-07-10T15:48:26:     at Module._compile (node:internal/modules/cjs/loader:1529:14)
2025-07-10T15:48:26:     at Module._extensions..js (node:internal/modules/cjs/loader:1613:10)
2025-07-10T15:48:26:     at Module.load (node:internal/modules/cjs/loader:1275:32)
2025-07-10T15:48:26:     at Module._load (node:internal/modules/cjs/loader:1096:12)
2025-07-10T15:48:27: ❌ [Database] Conexión fallida: TypeError: Cannot read properties of undefined (reading 'startsWith')
2025-07-10T15:48:27:     at connectionStringHasValidScheme (/home/gti/teamlens/backend_teamlens/node_modules/mongodb-connection-string-url/lib/index.js:9:30)
2025-07-10T15:48:27:     at new ConnectionString (/home/gti/teamlens/backend_teamlens/node_modules/mongodb-connection-string-url/lib/index.js:85:34)
2025-07-10T15:48:27:     at parseOptions (/home/gti/teamlens/backend_teamlens/node_modules/mongodb/lib/connection_string.js:191:17)
2025-07-10T15:48:27:     at new MongoClient (/home/gti/teamlens/backend_teamlens/node_modules/mongodb/lib/mongo_client.js:51:63)
2025-07-10T15:48:27:     at connectToDatabase (/home/gti/teamlens/backend_teamlens/build/services/database.service.js:184:22)
2025-07-10T15:48:27:     at Object.<anonymous> (/home/gti/teamlens/backend_teamlens/build/index.js:28:42)
2025-07-10T15:48:27:     at Module._compile (node:internal/modules/cjs/loader:1529:14)
2025-07-10T15:48:27:     at Module._extensions..js (node:internal/modules/cjs/loader:1613:10)
2025-07-10T15:48:27:     at Module.load (node:internal/modules/cjs/loader:1275:32)
2025-07-10T15:48:27:     at Module._load (node:internal/modules/cjs/loader:1096:12)
2025-07-10T15:48:28: ❌ [Database] Conexión fallida: TypeError: Cannot read properties of undefined (reading 'startsWith')
2025-07-10T15:48:28:     at connectionStringHasValidScheme (/home/gti/teamlens/backend_teamlens/node_modules/mongodb-connection-string-url/lib/index.js:9:30)
2025-07-10T15:48:28:     at new ConnectionString (/home/gti/teamlens/backend_teamlens/node_modules/mongodb-connection-string-url/lib/index.js:85:34)
2025-07-10T15:48:28:     at parseOptions (/home/gti/teamlens/backend_teamlens/node_modules/mongodb/lib/connection_string.js:191:17)
2025-07-10T15:48:28:     at new MongoClient (/home/gti/teamlens/backend_teamlens/node_modules/mongodb/lib/mongo_client.js:51:63)
2025-07-10T15:48:28:     at connectToDatabase (/home/gti/teamlens/backend_teamlens/build/services/database.service.js:184:22)
2025-07-10T15:48:28:     at Object.<anonymous> (/home/gti/teamlens/backend_teamlens/build/index.js:28:42)
2025-07-10T15:48:28:     at Module._compile (node:internal/modules/cjs/loader:1529:14)
2025-07-10T15:48:28:     at Module._extensions..js (node:internal/modules/cjs/loader:1613:10)
2025-07-10T15:48:28:     at Module.load (node:internal/modules/cjs/loader:1275:32)
2025-07-10T15:48:28:     at Module._load (node:internal/modules/cjs/loader:1096:12)
2025-07-10T15:48:28: ❌ [Database] Conexión fallida: TypeError: Cannot read properties of undefined (reading 'startsWith')
2025-07-10T15:48:28:     at connectionStringHasValidScheme (/home/gti/teamlens/backend_teamlens/node_modules/mongodb-connection-string-url/lib/index.js:9:30)
2025-07-10T15:48:28:     at new ConnectionString (/home/gti/teamlens/backend_teamlens/node_modules/mongodb-connection-string-url/lib/index.js:85:34)
2025-07-10T15:48:28:     at parseOptions (/home/gti/teamlens/backend_teamlens/node_modules/mongodb/lib/connection_string.js:191:17)
2025-07-10T15:48:28:     at new MongoClient (/home/gti/teamlens/backend_teamlens/node_modules/mongodb/lib/mongo_client.js:51:63)
2025-07-10T15:48:28:     at connectToDatabase (/home/gti/teamlens/backend_teamlens/build/services/database.service.js:184:22)
2025-07-10T15:48:28:     at Object.<anonymous> (/home/gti/teamlens/backend_teamlens/build/index.js:28:42)
2025-07-10T15:48:28:     at Module._compile (node:internal/modules/cjs/loader:1529:14)
2025-07-10T15:48:28:     at Module._extensions..js (node:internal/modules/cjs/loader:1613:10)
2025-07-10T15:48:28:     at Module.load (node:internal/modules/cjs/loader:1275:32)
2025-07-10T15:48:28:     at Module._load (node:internal/modules/cjs/loader:1096:12)
2025-07-10T15:48:29: ❌ [Database] Conexión fallida: TypeError: Cannot read properties of undefined (reading 'startsWith')
2025-07-10T15:48:29:     at connectionStringHasValidScheme (/home/gti/teamlens/backend_teamlens/node_modules/mongodb-connection-string-url/lib/index.js:9:30)
2025-07-10T15:48:29:     at new ConnectionString (/home/gti/teamlens/backend_teamlens/node_modules/mongodb-connection-string-url/lib/index.js:85:34)
2025-07-10T15:48:29:     at parseOptions (/home/gti/teamlens/backend_teamlens/node_modules/mongodb/lib/connection_string.js:191:17)
2025-07-10T15:48:29:     at new MongoClient (/home/gti/teamlens/backend_teamlens/node_modules/mongodb/lib/mongo_client.js:51:63)
2025-07-10T15:48:29:     at connectToDatabase (/home/gti/teamlens/backend_teamlens/build/services/database.service.js:184:22)
2025-07-10T15:48:29:     at Object.<anonymous> (/home/gti/teamlens/backend_teamlens/build/index.js:28:42)
2025-07-10T15:48:29:     at Module._compile (node:internal/modules/cjs/loader:1529:14)
2025-07-10T15:48:29:     at Module._extensions..js (node:internal/modules/cjs/loader:1613:10)
2025-07-10T15:48:29:     at Module.load (node:internal/modules/cjs/loader:1275:32)
2025-07-10T15:48:29:     at Module._load (node:internal/modules/cjs/loader:1096:12)
2025-07-10T15:48:30: ❌ [Database] Conexión fallida: TypeError: Cannot read properties of undefined (reading 'startsWith')
2025-07-10T15:48:30:     at connectionStringHasValidScheme (/home/gti/teamlens/backend_teamlens/node_modules/mongodb-connection-string-url/lib/index.js:9:30)
2025-07-10T15:48:30:     at new ConnectionString (/home/gti/teamlens/backend_teamlens/node_modules/mongodb-connection-string-url/lib/index.js:85:34)
2025-07-10T15:48:30:     at parseOptions (/home/gti/teamlens/backend_teamlens/node_modules/mongodb/lib/connection_string.js:191:17)
2025-07-10T15:48:30:     at new MongoClient (/home/gti/teamlens/backend_teamlens/node_modules/mongodb/lib/mongo_client.js:51:63)
2025-07-10T15:48:30:     at connectToDatabase (/home/gti/teamlens/backend_teamlens/build/services/database.service.js:184:22)
2025-07-10T15:48:30:     at Object.<anonymous> (/home/gti/teamlens/backend_teamlens/build/index.js:28:42)
2025-07-10T15:48:30:     at Module._compile (node:internal/modules/cjs/loader:1529:14)
2025-07-10T15:48:30:     at Module._extensions..js (node:internal/modules/cjs/loader:1613:10)
2025-07-10T15:48:30:     at Module.load (node:internal/modules/cjs/loader:1275:32)
2025-07-10T15:48:30:     at Module._load (node:internal/modules/cjs/loader:1096:12)
2025-07-10T15:48:31: ❌ [Database] Conexión fallida: TypeError: Cannot read properties of undefined (reading 'startsWith')
2025-07-10T15:48:31:     at connectionStringHasValidScheme (/home/gti/teamlens/backend_teamlens/node_modules/mongodb-connection-string-url/lib/index.js:9:30)
2025-07-10T15:48:31:     at new ConnectionString (/home/gti/teamlens/backend_teamlens/node_modules/mongodb-connection-string-url/lib/index.js:85:34)
2025-07-10T15:48:31:     at parseOptions (/home/gti/teamlens/backend_teamlens/node_modules/mongodb/lib/connection_string.js:191:17)
2025-07-10T15:48:31:     at new MongoClient (/home/gti/teamlens/backend_teamlens/node_modules/mongodb/lib/mongo_client.js:51:63)
2025-07-10T15:48:31:     at connectToDatabase (/home/gti/teamlens/backend_teamlens/build/services/database.service.js:184:22)
2025-07-10T15:48:31:     at Object.<anonymous> (/home/gti/teamlens/backend_teamlens/build/index.js:28:42)
2025-07-10T15:48:31:     at Module._compile (node:internal/modules/cjs/loader:1529:14)
2025-07-10T15:48:31:     at Module._extensions..js (node:internal/modules/cjs/loader:1613:10)
2025-07-10T15:48:31:     at Module.load (node:internal/modules/cjs/loader:1275:32)
2025-07-10T15:48:31:     at Module._load (node:internal/modules/cjs/loader:1096:12)
2025-07-10T15:48:32: ❌ [Database] Conexión fallida: TypeError: Cannot read properties of undefined (reading 'startsWith')
2025-07-10T15:48:32:     at connectionStringHasValidScheme (/home/gti/teamlens/backend_teamlens/node_modules/mongodb-connection-string-url/lib/index.js:9:30)
2025-07-10T15:48:32:     at new ConnectionString (/home/gti/teamlens/backend_teamlens/node_modules/mongodb-connection-string-url/lib/index.js:85:34)
2025-07-10T15:48:32:     at parseOptions (/home/gti/teamlens/backend_teamlens/node_modules/mongodb/lib/connection_string.js:191:17)
2025-07-10T15:48:32:     at new MongoClient (/home/gti/teamlens/backend_teamlens/node_modules/mongodb/lib/mongo_client.js:51:63)
2025-07-10T15:48:32:     at connectToDatabase (/home/gti/teamlens/backend_teamlens/build/services/database.service.js:184:22)
2025-07-10T15:48:32:     at Object.<anonymous> (/home/gti/teamlens/backend_teamlens/build/index.js:28:42)
2025-07-10T15:48:32:     at Module._compile (node:internal/modules/cjs/loader:1529:14)
2025-07-10T15:48:32:     at Module._extensions..js (node:internal/modules/cjs/loader:1613:10)
2025-07-10T15:48:32:     at Module.load (node:internal/modules/cjs/loader:1275:32)
2025-07-10T15:48:32:     at Module._load (node:internal/modules/cjs/loader:1096:12)
2025-07-10T15:48:33: ❌ [Database] Conexión fallida: TypeError: Cannot read properties of undefined (reading 'startsWith')
2025-07-10T15:48:33:     at connectionStringHasValidScheme (/home/gti/teamlens/backend_teamlens/node_modules/mongodb-connection-string-url/lib/index.js:9:30)
2025-07-10T15:48:33:     at new ConnectionString (/home/gti/teamlens/backend_teamlens/node_modules/mongodb-connection-string-url/lib/index.js:85:34)
2025-07-10T15:48:33:     at parseOptions (/home/gti/teamlens/backend_teamlens/node_modules/mongodb/lib/connection_string.js:191:17)
2025-07-10T15:48:33:     at new MongoClient (/home/gti/teamlens/backend_teamlens/node_modules/mongodb/lib/mongo_client.js:51:63)
2025-07-10T15:48:33:     at connectToDatabase (/home/gti/teamlens/backend_teamlens/build/services/database.service.js:184:22)
2025-07-10T15:48:33:     at Object.<anonymous> (/home/gti/teamlens/backend_teamlens/build/index.js:28:42)
2025-07-10T15:48:33:     at Module._compile (node:internal/modules/cjs/loader:1529:14)
2025-07-10T15:48:33:     at Module._extensions..js (node:internal/modules/cjs/loader:1613:10)
2025-07-10T15:48:33:     at Module.load (node:internal/modules/cjs/loader:1275:32)
2025-07-10T15:48:33:     at Module._load (node:internal/modules/cjs/loader:1096:12)
2025-07-10T15:48:34: ❌ [Database] Conexión fallida: TypeError: Cannot read properties of undefined (reading 'startsWith')
2025-07-10T15:48:34:     at connectionStringHasValidScheme (/home/gti/teamlens/backend_teamlens/node_modules/mongodb-connection-string-url/lib/index.js:9:30)
2025-07-10T15:48:34:     at new ConnectionString (/home/gti/teamlens/backend_teamlens/node_modules/mongodb-connection-string-url/lib/index.js:85:34)
2025-07-10T15:48:34:     at parseOptions (/home/gti/teamlens/backend_teamlens/node_modules/mongodb/lib/connection_string.js:191:17)
2025-07-10T15:48:34:     at new MongoClient (/home/gti/teamlens/backend_teamlens/node_modules/mongodb/lib/mongo_client.js:51:63)
2025-07-10T15:48:34:     at connectToDatabase (/home/gti/teamlens/backend_teamlens/build/services/database.service.js:184:22)
2025-07-10T15:48:34:     at Object.<anonymous> (/home/gti/teamlens/backend_teamlens/build/index.js:28:42)
2025-07-10T15:48:34:     at Module._compile (node:internal/modules/cjs/loader:1529:14)
2025-07-10T15:48:34:     at Module._extensions..js (node:internal/modules/cjs/loader:1613:10)
2025-07-10T15:48:34:     at Module.load (node:internal/modules/cjs/loader:1275:32)
2025-07-10T15:48:34:     at Module._load (node:internal/modules/cjs/loader:1096:12)
2025-07-10T15:48:35: ❌ [Database] Conexión fallida: TypeError: Cannot read properties of undefined (reading 'startsWith')
2025-07-10T15:48:35:     at connectionStringHasValidScheme (/home/gti/teamlens/backend_teamlens/node_modules/mongodb-connection-string-url/lib/index.js:9:30)
2025-07-10T15:48:35:     at new ConnectionString (/home/gti/teamlens/backend_teamlens/node_modules/mongodb-connection-string-url/lib/index.js:85:34)
2025-07-10T15:48:35:     at parseOptions (/home/gti/teamlens/backend_teamlens/node_modules/mongodb/lib/connection_string.js:191:17)
2025-07-10T15:48:35:     at new MongoClient (/home/gti/teamlens/backend_teamlens/node_modules/mongodb/lib/mongo_client.js:51:63)
2025-07-10T15:48:35:     at connectToDatabase (/home/gti/teamlens/backend_teamlens/build/services/database.service.js:184:22)
2025-07-10T15:48:35:     at Object.<anonymous> (/home/gti/teamlens/backend_teamlens/build/index.js:28:42)
2025-07-10T15:48:35:     at Module._compile (node:internal/modules/cjs/loader:1529:14)
2025-07-10T15:48:35:     at Module._extensions..js (node:internal/modules/cjs/loader:1613:10)
2025-07-10T15:48:35:     at Module.load (node:internal/modules/cjs/loader:1275:32)
2025-07-10T15:48:35:     at Module._load (node:internal/modules/cjs/loader:1096:12)
2025-07-10T15:48:35: ❌ [Database] Conexión fallida: TypeError: Cannot read properties of undefined (reading 'startsWith')
2025-07-10T15:48:35:     at connectionStringHasValidScheme (/home/gti/teamlens/backend_teamlens/node_modules/mongodb-connection-string-url/lib/index.js:9:30)
2025-07-10T15:48:35:     at new ConnectionString (/home/gti/teamlens/backend_teamlens/node_modules/mongodb-connection-string-url/lib/index.js:85:34)
2025-07-10T15:48:35:     at parseOptions (/home/gti/teamlens/backend_teamlens/node_modules/mongodb/lib/connection_string.js:191:17)
2025-07-10T15:48:35:     at new MongoClient (/home/gti/teamlens/backend_teamlens/node_modules/mongodb/lib/mongo_client.js:51:63)
2025-07-10T15:48:35:     at connectToDatabase (/home/gti/teamlens/backend_teamlens/build/services/database.service.js:184:22)
2025-07-10T15:48:35:     at Object.<anonymous> (/home/gti/teamlens/backend_teamlens/build/index.js:28:42)
2025-07-10T15:48:35:     at Module._compile (node:internal/modules/cjs/loader:1529:14)
2025-07-10T15:48:35:     at Module._extensions..js (node:internal/modules/cjs/loader:1613:10)
2025-07-10T15:48:35:     at Module.load (node:internal/modules/cjs/loader:1275:32)
2025-07-10T15:48:35:     at Module._load (node:internal/modules/cjs/loader:1096:12)
2025-07-10T15:48:36: ❌ [Database] Conexión fallida: TypeError: Cannot read properties of undefined (reading 'startsWith')
2025-07-10T15:48:36:     at connectionStringHasValidScheme (/home/gti/teamlens/backend_teamlens/node_modules/mongodb-connection-string-url/lib/index.js:9:30)
2025-07-10T15:48:36:     at new ConnectionString (/home/gti/teamlens/backend_teamlens/node_modules/mongodb-connection-string-url/lib/index.js:85:34)
2025-07-10T15:48:36:     at parseOptions (/home/gti/teamlens/backend_teamlens/node_modules/mongodb/lib/connection_string.js:191:17)
2025-07-10T15:48:36:     at new MongoClient (/home/gti/teamlens/backend_teamlens/node_modules/mongodb/lib/mongo_client.js:51:63)
2025-07-10T15:48:36:     at connectToDatabase (/home/gti/teamlens/backend_teamlens/build/services/database.service.js:184:22)
2025-07-10T15:48:36:     at Object.<anonymous> (/home/gti/teamlens/backend_teamlens/build/index.js:28:42)
2025-07-10T15:48:36:     at Module._compile (node:internal/modules/cjs/loader:1529:14)
2025-07-10T15:48:36:     at Module._extensions..js (node:internal/modules/cjs/loader:1613:10)
2025-07-10T15:48:36:     at Module.load (node:internal/modules/cjs/loader:1275:32)
2025-07-10T15:48:36:     at Module._load (node:internal/modules/cjs/loader:1096:12)
2025-07-10T15:48:37: ❌ [Database] Conexión fallida: TypeError: Cannot read properties of undefined (reading 'startsWith')
2025-07-10T15:48:37:     at connectionStringHasValidScheme (/home/gti/teamlens/backend_teamlens/node_modules/mongodb-connection-string-url/lib/index.js:9:30)
2025-07-10T15:48:37:     at new ConnectionString (/home/gti/teamlens/backend_teamlens/node_modules/mongodb-connection-string-url/lib/index.js:85:34)
2025-07-10T15:48:37:     at parseOptions (/home/gti/teamlens/backend_teamlens/node_modules/mongodb/lib/connection_string.js:191:17)
2025-07-10T15:48:37:     at new MongoClient (/home/gti/teamlens/backend_teamlens/node_modules/mongodb/lib/mongo_client.js:51:63)
2025-07-10T15:48:37:     at connectToDatabase (/home/gti/teamlens/backend_teamlens/build/services/database.service.js:184:22)
2025-07-10T15:48:37:     at Object.<anonymous> (/home/gti/teamlens/backend_teamlens/build/index.js:28:42)
2025-07-10T15:48:37:     at Module._compile (node:internal/modules/cjs/loader:1529:14)
2025-07-10T15:48:37:     at Module._extensions..js (node:internal/modules/cjs/loader:1613:10)
2025-07-10T15:48:37:     at Module.load (node:internal/modules/cjs/loader:1275:32)
2025-07-10T15:48:37:     at Module._load (node:internal/modules/cjs/loader:1096:12)
2025-07-10T15:48:38: ❌ [Database] Conexión fallida: TypeError: Cannot read properties of undefined (reading 'startsWith')
2025-07-10T15:48:38:     at connectionStringHasValidScheme (/home/gti/teamlens/backend_teamlens/node_modules/mongodb-connection-string-url/lib/index.js:9:30)
2025-07-10T15:48:38:     at new ConnectionString (/home/gti/teamlens/backend_teamlens/node_modules/mongodb-connection-string-url/lib/index.js:85:34)
2025-07-10T15:48:38:     at parseOptions (/home/gti/teamlens/backend_teamlens/node_modules/mongodb/lib/connection_string.js:191:17)
2025-07-10T15:48:38:     at new MongoClient (/home/gti/teamlens/backend_teamlens/node_modules/mongodb/lib/mongo_client.js:51:63)
2025-07-10T15:48:38:     at connectToDatabase (/home/gti/teamlens/backend_teamlens/build/services/database.service.js:184:22)
2025-07-10T15:48:38:     at Object.<anonymous> (/home/gti/teamlens/backend_teamlens/build/index.js:28:42)
2025-07-10T15:48:38:     at Module._compile (node:internal/modules/cjs/loader:1529:14)
2025-07-10T15:48:38:     at Module._extensions..js (node:internal/modules/cjs/loader:1613:10)
2025-07-10T15:48:38:     at Module.load (node:internal/modules/cjs/loader:1275:32)
2025-07-10T15:48:38:     at Module._load (node:internal/modules/cjs/loader:1096:12)
2025-07-10T15:48:39: ❌ [Database] Conexión fallida: TypeError: Cannot read properties of undefined (reading 'startsWith')
2025-07-10T15:48:39:     at connectionStringHasValidScheme (/home/gti/teamlens/backend_teamlens/node_modules/mongodb-connection-string-url/lib/index.js:9:30)
2025-07-10T15:48:39:     at new ConnectionString (/home/gti/teamlens/backend_teamlens/node_modules/mongodb-connection-string-url/lib/index.js:85:34)
2025-07-10T15:48:39:     at parseOptions (/home/gti/teamlens/backend_teamlens/node_modules/mongodb/lib/connection_string.js:191:17)
2025-07-10T15:48:39:     at new MongoClient (/home/gti/teamlens/backend_teamlens/node_modules/mongodb/lib/mongo_client.js:51:63)
2025-07-10T15:48:39:     at connectToDatabase (/home/gti/teamlens/backend_teamlens/build/services/database.service.js:184:22)
2025-07-10T15:48:39:     at Object.<anonymous> (/home/gti/teamlens/backend_teamlens/build/index.js:28:42)
2025-07-10T15:48:39:     at Module._compile (node:internal/modules/cjs/loader:1529:14)
2025-07-10T15:48:39:     at Module._extensions..js (node:internal/modules/cjs/loader:1613:10)
2025-07-10T15:48:39:     at Module.load (node:internal/modules/cjs/loader:1275:32)
2025-07-10T15:48:39:     at Module._load (node:internal/modules/cjs/loader:1096:12)
2025-07-10T15:48:40: ❌ [Database] Conexión fallida: TypeError: Cannot read properties of undefined (reading 'startsWith')
2025-07-10T15:48:40:     at connectionStringHasValidScheme (/home/gti/teamlens/backend_teamlens/node_modules/mongodb-connection-string-url/lib/index.js:9:30)
2025-07-10T15:48:40:     at new ConnectionString (/home/gti/teamlens/backend_teamlens/node_modules/mongodb-connection-string-url/lib/index.js:85:34)
2025-07-10T15:48:40:     at parseOptions (/home/gti/teamlens/backend_teamlens/node_modules/mongodb/lib/connection_string.js:191:17)
2025-07-10T15:48:40:     at new MongoClient (/home/gti/teamlens/backend_teamlens/node_modules/mongodb/lib/mongo_client.js:51:63)
2025-07-10T15:48:40:     at connectToDatabase (/home/gti/teamlens/backend_teamlens/build/services/database.service.js:184:22)
2025-07-10T15:48:40:     at Object.<anonymous> (/home/gti/teamlens/backend_teamlens/build/index.js:28:42)
2025-07-10T15:48:40:     at Module._compile (node:internal/modules/cjs/loader:1529:14)
2025-07-10T15:48:40:     at Module._extensions..js (node:internal/modules/cjs/loader:1613:10)
2025-07-10T15:48:40:     at Module.load (node:internal/modules/cjs/loader:1275:32)
2025-07-10T15:48:40:     at Module._load (node:internal/modules/cjs/loader:1096:12)
2025-07-10T15:48:41: ❌ [Database] Conexión fallida: TypeError: Cannot read properties of undefined (reading 'startsWith')
2025-07-10T15:48:41:     at connectionStringHasValidScheme (/home/gti/teamlens/backend_teamlens/node_modules/mongodb-connection-string-url/lib/index.js:9:30)
2025-07-10T15:48:41:     at new ConnectionString (/home/gti/teamlens/backend_teamlens/node_modules/mongodb-connection-string-url/lib/index.js:85:34)
2025-07-10T15:48:41:     at parseOptions (/home/gti/teamlens/backend_teamlens/node_modules/mongodb/lib/connection_string.js:191:17)
2025-07-10T15:48:41:     at new MongoClient (/home/gti/teamlens/backend_teamlens/node_modules/mongodb/lib/mongo_client.js:51:63)
2025-07-10T15:48:41:     at connectToDatabase (/home/gti/teamlens/backend_teamlens/build/services/database.service.js:184:22)
2025-07-10T15:48:41:     at Object.<anonymous> (/home/gti/teamlens/backend_teamlens/build/index.js:28:42)
2025-07-10T15:48:41:     at Module._compile (node:internal/modules/cjs/loader:1529:14)
2025-07-10T15:48:41:     at Module._extensions..js (node:internal/modules/cjs/loader:1613:10)
2025-07-10T15:48:41:     at Module.load (node:internal/modules/cjs/loader:1275:32)
2025-07-10T15:48:41:     at Module._load (node:internal/modules/cjs/loader:1096:12)
2025-07-10T15:48:42: ❌ [Database] Conexión fallida: TypeError: Cannot read properties of undefined (reading 'startsWith')
2025-07-10T15:48:42:     at connectionStringHasValidScheme (/home/gti/teamlens/backend_teamlens/node_modules/mongodb-connection-string-url/lib/index.js:9:30)
2025-07-10T15:48:42:     at new ConnectionString (/home/gti/teamlens/backend_teamlens/node_modules/mongodb-connection-string-url/lib/index.js:85:34)
2025-07-10T15:48:42:     at parseOptions (/home/gti/teamlens/backend_teamlens/node_modules/mongodb/lib/connection_string.js:191:17)
2025-07-10T15:48:42:     at new MongoClient (/home/gti/teamlens/backend_teamlens/node_modules/mongodb/lib/mongo_client.js:51:63)
2025-07-10T15:48:42:     at connectToDatabase (/home/gti/teamlens/backend_teamlens/build/services/database.service.js:184:22)
2025-07-10T15:48:42:     at Object.<anonymous> (/home/gti/teamlens/backend_teamlens/build/index.js:28:42)
2025-07-10T15:48:42:     at Module._compile (node:internal/modules/cjs/loader:1529:14)
2025-07-10T15:48:42:     at Module._extensions..js (node:internal/modules/cjs/loader:1613:10)
2025-07-10T15:48:42:     at Module.load (node:internal/modules/cjs/loader:1275:32)
2025-07-10T15:48:42:     at Module._load (node:internal/modules/cjs/loader:1096:12)
2025-07-10T15:48:43: ❌ [Database] Conexión fallida: TypeError: Cannot read properties of undefined (reading 'startsWith')
2025-07-10T15:48:43:     at connectionStringHasValidScheme (/home/gti/teamlens/backend_teamlens/node_modules/mongodb-connection-string-url/lib/index.js:9:30)
2025-07-10T15:48:43:     at new ConnectionString (/home/gti/teamlens/backend_teamlens/node_modules/mongodb-connection-string-url/lib/index.js:85:34)
2025-07-10T15:48:43:     at parseOptions (/home/gti/teamlens/backend_teamlens/node_modules/mongodb/lib/connection_string.js:191:17)
2025-07-10T15:48:43:     at new MongoClient (/home/gti/teamlens/backend_teamlens/node_modules/mongodb/lib/mongo_client.js:51:63)
2025-07-10T15:48:43:     at connectToDatabase (/home/gti/teamlens/backend_teamlens/build/services/database.service.js:184:22)
2025-07-10T15:48:43:     at Object.<anonymous> (/home/gti/teamlens/backend_teamlens/build/index.js:28:42)
2025-07-10T15:48:43:     at Module._compile (node:internal/modules/cjs/loader:1529:14)
2025-07-10T15:48:43:     at Module._extensions..js (node:internal/modules/cjs/loader:1613:10)
2025-07-10T15:48:43:     at Module.load (node:internal/modules/cjs/loader:1275:32)
2025-07-10T15:48:43:     at Module._load (node:internal/modules/cjs/loader:1096:12)
2025-07-10T15:48:44: ❌ [Database] Conexión fallida: TypeError: Cannot read properties of undefined (reading 'startsWith')
2025-07-10T15:48:44:     at connectionStringHasValidScheme (/home/gti/teamlens/backend_teamlens/node_modules/mongodb-connection-string-url/lib/index.js:9:30)
2025-07-10T15:48:44:     at new ConnectionString (/home/gti/teamlens/backend_teamlens/node_modules/mongodb-connection-string-url/lib/index.js:85:34)
2025-07-10T15:48:44:     at parseOptions (/home/gti/teamlens/backend_teamlens/node_modules/mongodb/lib/connection_string.js:191:17)
2025-07-10T15:48:44:     at new MongoClient (/home/gti/teamlens/backend_teamlens/node_modules/mongodb/lib/mongo_client.js:51:63)
2025-07-10T15:48:44:     at connectToDatabase (/home/gti/teamlens/backend_teamlens/build/services/database.service.js:184:22)
2025-07-10T15:48:44:     at Object.<anonymous> (/home/gti/teamlens/backend_teamlens/build/index.js:28:42)
2025-07-10T15:48:44:     at Module._compile (node:internal/modules/cjs/loader:1529:14)
2025-07-10T15:48:44:     at Module._extensions..js (node:internal/modules/cjs/loader:1613:10)
2025-07-10T15:48:44:     at Module.load (node:internal/modules/cjs/loader:1275:32)
2025-07-10T15:48:44:     at Module._load (node:internal/modules/cjs/loader:1096:12)
2025-07-10T15:48:44: ❌ [Database] Conexión fallida: TypeError: Cannot read properties of undefined (reading 'startsWith')
2025-07-10T15:48:44:     at connectionStringHasValidScheme (/home/gti/teamlens/backend_teamlens/node_modules/mongodb-connection-string-url/lib/index.js:9:30)
2025-07-10T15:48:44:     at new ConnectionString (/home/gti/teamlens/backend_teamlens/node_modules/mongodb-connection-string-url/lib/index.js:85:34)
2025-07-10T15:48:44:     at parseOptions (/home/gti/teamlens/backend_teamlens/node_modules/mongodb/lib/connection_string.js:191:17)
2025-07-10T15:48:44:     at new MongoClient (/home/gti/teamlens/backend_teamlens/node_modules/mongodb/lib/mongo_client.js:51:63)
2025-07-10T15:48:44:     at connectToDatabase (/home/gti/teamlens/backend_teamlens/build/services/database.service.js:184:22)
2025-07-10T15:48:44:     at Object.<anonymous> (/home/gti/teamlens/backend_teamlens/build/index.js:28:42)
2025-07-10T15:48:44:     at Module._compile (node:internal/modules/cjs/loader:1529:14)
2025-07-10T15:48:44:     at Module._extensions..js (node:internal/modules/cjs/loader:1613:10)
2025-07-10T15:48:44:     at Module.load (node:internal/modules/cjs/loader:1275:32)
2025-07-10T15:48:44:     at Module._load (node:internal/modules/cjs/loader:1096:12)
2025-07-10T15:48:45: ❌ [Database] Conexión fallida: TypeError: Cannot read properties of undefined (reading 'startsWith')
2025-07-10T15:48:45:     at connectionStringHasValidScheme (/home/gti/teamlens/backend_teamlens/node_modules/mongodb-connection-string-url/lib/index.js:9:30)
2025-07-10T15:48:45:     at new ConnectionString (/home/gti/teamlens/backend_teamlens/node_modules/mongodb-connection-string-url/lib/index.js:85:34)
2025-07-10T15:48:45:     at parseOptions (/home/gti/teamlens/backend_teamlens/node_modules/mongodb/lib/connection_string.js:191:17)
2025-07-10T15:48:45:     at new MongoClient (/home/gti/teamlens/backend_teamlens/node_modules/mongodb/lib/mongo_client.js:51:63)
2025-07-10T15:48:45:     at connectToDatabase (/home/gti/teamlens/backend_teamlens/build/services/database.service.js:184:22)
2025-07-10T15:48:45:     at Object.<anonymous> (/home/gti/teamlens/backend_teamlens/build/index.js:28:42)
2025-07-10T15:48:45:     at Module._compile (node:internal/modules/cjs/loader:1529:14)
2025-07-10T15:48:45:     at Module._extensions..js (node:internal/modules/cjs/loader:1613:10)
2025-07-10T15:48:45:     at Module.load (node:internal/modules/cjs/loader:1275:32)
2025-07-10T15:48:45:     at Module._load (node:internal/modules/cjs/loader:1096:12)
2025-07-10T15:48:46: ❌ [Database] Conexión fallida: TypeError: Cannot read properties of undefined (reading 'startsWith')
2025-07-10T15:48:46:     at connectionStringHasValidScheme (/home/gti/teamlens/backend_teamlens/node_modules/mongodb-connection-string-url/lib/index.js:9:30)
2025-07-10T15:48:46:     at new ConnectionString (/home/gti/teamlens/backend_teamlens/node_modules/mongodb-connection-string-url/lib/index.js:85:34)
2025-07-10T15:48:46:     at parseOptions (/home/gti/teamlens/backend_teamlens/node_modules/mongodb/lib/connection_string.js:191:17)
2025-07-10T15:48:46:     at new MongoClient (/home/gti/teamlens/backend_teamlens/node_modules/mongodb/lib/mongo_client.js:51:63)
2025-07-10T15:48:46:     at connectToDatabase (/home/gti/teamlens/backend_teamlens/build/services/database.service.js:184:22)
2025-07-10T15:48:46:     at Object.<anonymous> (/home/gti/teamlens/backend_teamlens/build/index.js:28:42)
2025-07-10T15:48:46:     at Module._compile (node:internal/modules/cjs/loader:1529:14)
2025-07-10T15:48:46:     at Module._extensions..js (node:internal/modules/cjs/loader:1613:10)
2025-07-10T15:48:46:     at Module.load (node:internal/modules/cjs/loader:1275:32)
2025-07-10T15:48:46:     at Module._load (node:internal/modules/cjs/loader:1096:12)
2025-07-10T15:50:48: ❌ [Database] Conexión fallida: TypeError: Cannot read properties of undefined (reading 'startsWith')
2025-07-10T15:50:48:     at connectionStringHasValidScheme (/home/gti/teamlens/backend_teamlens/node_modules/mongodb-connection-string-url/lib/index.js:9:30)
2025-07-10T15:50:48:     at new ConnectionString (/home/gti/teamlens/backend_teamlens/node_modules/mongodb-connection-string-url/lib/index.js:85:34)
2025-07-10T15:50:48:     at parseOptions (/home/gti/teamlens/backend_teamlens/node_modules/mongodb/lib/connection_string.js:191:17)
2025-07-10T15:50:48:     at new MongoClient (/home/gti/teamlens/backend_teamlens/node_modules/mongodb/lib/mongo_client.js:51:63)
2025-07-10T15:50:48:     at connectToDatabase (/home/gti/teamlens/backend_teamlens/build/services/database.service.js:184:22)
2025-07-10T15:50:48:     at Object.<anonymous> (/home/gti/teamlens/backend_teamlens/build/index.js:28:42)
2025-07-10T15:50:48:     at Module._compile (node:internal/modules/cjs/loader:1529:14)
2025-07-10T15:50:48:     at Module._extensions..js (node:internal/modules/cjs/loader:1613:10)
2025-07-10T15:50:48:     at Module.load (node:internal/modules/cjs/loader:1275:32)
2025-07-10T15:50:48:     at Module._load (node:internal/modules/cjs/loader:1096:12)
2025-07-10T15:50:49: ❌ [Database] Conexión fallida: TypeError: Cannot read properties of undefined (reading 'startsWith')
2025-07-10T15:50:49:     at connectionStringHasValidScheme (/home/gti/teamlens/backend_teamlens/node_modules/mongodb-connection-string-url/lib/index.js:9:30)
2025-07-10T15:50:49:     at new ConnectionString (/home/gti/teamlens/backend_teamlens/node_modules/mongodb-connection-string-url/lib/index.js:85:34)
2025-07-10T15:50:49:     at parseOptions (/home/gti/teamlens/backend_teamlens/node_modules/mongodb/lib/connection_string.js:191:17)
2025-07-10T15:50:49:     at new MongoClient (/home/gti/teamlens/backend_teamlens/node_modules/mongodb/lib/mongo_client.js:51:63)
2025-07-10T15:50:49:     at connectToDatabase (/home/gti/teamlens/backend_teamlens/build/services/database.service.js:184:22)
2025-07-10T15:50:49:     at Object.<anonymous> (/home/gti/teamlens/backend_teamlens/build/index.js:28:42)
2025-07-10T15:50:49:     at Module._compile (node:internal/modules/cjs/loader:1529:14)
2025-07-10T15:50:49:     at Module._extensions..js (node:internal/modules/cjs/loader:1613:10)
2025-07-10T15:50:49:     at Module.load (node:internal/modules/cjs/loader:1275:32)
2025-07-10T15:50:49:     at Module._load (node:internal/modules/cjs/loader:1096:12)
2025-07-10T15:50:50: ❌ [Database] Conexión fallida: TypeError: Cannot read properties of undefined (reading 'startsWith')
2025-07-10T15:50:50:     at connectionStringHasValidScheme (/home/gti/teamlens/backend_teamlens/node_modules/mongodb-connection-string-url/lib/index.js:9:30)
2025-07-10T15:50:50:     at new ConnectionString (/home/gti/teamlens/backend_teamlens/node_modules/mongodb-connection-string-url/lib/index.js:85:34)
2025-07-10T15:50:50:     at parseOptions (/home/gti/teamlens/backend_teamlens/node_modules/mongodb/lib/connection_string.js:191:17)
2025-07-10T15:50:50:     at new MongoClient (/home/gti/teamlens/backend_teamlens/node_modules/mongodb/lib/mongo_client.js:51:63)
2025-07-10T15:50:50:     at connectToDatabase (/home/gti/teamlens/backend_teamlens/build/services/database.service.js:184:22)
2025-07-10T15:50:50:     at Object.<anonymous> (/home/gti/teamlens/backend_teamlens/build/index.js:28:42)
2025-07-10T15:50:50:     at Module._compile (node:internal/modules/cjs/loader:1529:14)
2025-07-10T15:50:50:     at Module._extensions..js (node:internal/modules/cjs/loader:1613:10)
2025-07-10T15:50:50:     at Module.load (node:internal/modules/cjs/loader:1275:32)
2025-07-10T15:50:50:     at Module._load (node:internal/modules/cjs/loader:1096:12)
2025-07-10T15:50:50: ❌ [Database] Conexión fallida: TypeError: Cannot read properties of undefined (reading 'startsWith')
2025-07-10T15:50:50:     at connectionStringHasValidScheme (/home/gti/teamlens/backend_teamlens/node_modules/mongodb-connection-string-url/lib/index.js:9:30)
2025-07-10T15:50:50:     at new ConnectionString (/home/gti/teamlens/backend_teamlens/node_modules/mongodb-connection-string-url/lib/index.js:85:34)
2025-07-10T15:50:50:     at parseOptions (/home/gti/teamlens/backend_teamlens/node_modules/mongodb/lib/connection_string.js:191:17)
2025-07-10T15:50:50:     at new MongoClient (/home/gti/teamlens/backend_teamlens/node_modules/mongodb/lib/mongo_client.js:51:63)
2025-07-10T15:50:50:     at connectToDatabase (/home/gti/teamlens/backend_teamlens/build/services/database.service.js:184:22)
2025-07-10T15:50:50:     at Object.<anonymous> (/home/gti/teamlens/backend_teamlens/build/index.js:28:42)
2025-07-10T15:50:50:     at Module._compile (node:internal/modules/cjs/loader:1529:14)
2025-07-10T15:50:50:     at Module._extensions..js (node:internal/modules/cjs/loader:1613:10)
2025-07-10T15:50:50:     at Module.load (node:internal/modules/cjs/loader:1275:32)
2025-07-10T15:50:50:     at Module._load (node:internal/modules/cjs/loader:1096:12)
2025-07-10T15:50:51: ❌ [Database] Conexión fallida: TypeError: Cannot read properties of undefined (reading 'startsWith')
2025-07-10T15:50:51:     at connectionStringHasValidScheme (/home/gti/teamlens/backend_teamlens/node_modules/mongodb-connection-string-url/lib/index.js:9:30)
2025-07-10T15:50:51:     at new ConnectionString (/home/gti/teamlens/backend_teamlens/node_modules/mongodb-connection-string-url/lib/index.js:85:34)
2025-07-10T15:50:51:     at parseOptions (/home/gti/teamlens/backend_teamlens/node_modules/mongodb/lib/connection_string.js:191:17)
2025-07-10T15:50:51:     at new MongoClient (/home/gti/teamlens/backend_teamlens/node_modules/mongodb/lib/mongo_client.js:51:63)
2025-07-10T15:50:51:     at connectToDatabase (/home/gti/teamlens/backend_teamlens/build/services/database.service.js:184:22)
2025-07-10T15:50:51:     at Object.<anonymous> (/home/gti/teamlens/backend_teamlens/build/index.js:28:42)
2025-07-10T15:50:51:     at Module._compile (node:internal/modules/cjs/loader:1529:14)
2025-07-10T15:50:51:     at Module._extensions..js (node:internal/modules/cjs/loader:1613:10)
2025-07-10T15:50:51:     at Module.load (node:internal/modules/cjs/loader:1275:32)
2025-07-10T15:50:51:     at Module._load (node:internal/modules/cjs/loader:1096:12)
2025-07-10T15:50:52: ❌ [Database] Conexión fallida: TypeError: Cannot read properties of undefined (reading 'startsWith')
2025-07-10T15:50:52:     at connectionStringHasValidScheme (/home/gti/teamlens/backend_teamlens/node_modules/mongodb-connection-string-url/lib/index.js:9:30)
2025-07-10T15:50:52:     at new ConnectionString (/home/gti/teamlens/backend_teamlens/node_modules/mongodb-connection-string-url/lib/index.js:85:34)
2025-07-10T15:50:52:     at parseOptions (/home/gti/teamlens/backend_teamlens/node_modules/mongodb/lib/connection_string.js:191:17)
2025-07-10T15:50:52:     at new MongoClient (/home/gti/teamlens/backend_teamlens/node_modules/mongodb/lib/mongo_client.js:51:63)
2025-07-10T15:50:52:     at connectToDatabase (/home/gti/teamlens/backend_teamlens/build/services/database.service.js:184:22)
2025-07-10T15:50:52:     at Object.<anonymous> (/home/gti/teamlens/backend_teamlens/build/index.js:28:42)
2025-07-10T15:50:52:     at Module._compile (node:internal/modules/cjs/loader:1529:14)
2025-07-10T15:50:52:     at Module._extensions..js (node:internal/modules/cjs/loader:1613:10)
2025-07-10T15:50:52:     at Module.load (node:internal/modules/cjs/loader:1275:32)
2025-07-10T15:50:52:     at Module._load (node:internal/modules/cjs/loader:1096:12)
2025-07-10T15:50:53: ❌ [Database] Conexión fallida: TypeError: Cannot read properties of undefined (reading 'startsWith')
2025-07-10T15:50:53:     at connectionStringHasValidScheme (/home/gti/teamlens/backend_teamlens/node_modules/mongodb-connection-string-url/lib/index.js:9:30)
2025-07-10T15:50:53:     at new ConnectionString (/home/gti/teamlens/backend_teamlens/node_modules/mongodb-connection-string-url/lib/index.js:85:34)
2025-07-10T15:50:53:     at parseOptions (/home/gti/teamlens/backend_teamlens/node_modules/mongodb/lib/connection_string.js:191:17)
2025-07-10T15:50:53:     at new MongoClient (/home/gti/teamlens/backend_teamlens/node_modules/mongodb/lib/mongo_client.js:51:63)
2025-07-10T15:50:53:     at connectToDatabase (/home/gti/teamlens/backend_teamlens/build/services/database.service.js:184:22)
2025-07-10T15:50:53:     at Object.<anonymous> (/home/gti/teamlens/backend_teamlens/build/index.js:28:42)
2025-07-10T15:50:53:     at Module._compile (node:internal/modules/cjs/loader:1529:14)
2025-07-10T15:50:53:     at Module._extensions..js (node:internal/modules/cjs/loader:1613:10)
2025-07-10T15:50:53:     at Module.load (node:internal/modules/cjs/loader:1275:32)
2025-07-10T15:50:53:     at Module._load (node:internal/modules/cjs/loader:1096:12)
2025-07-10T15:50:54: ❌ [Database] Conexión fallida: TypeError: Cannot read properties of undefined (reading 'startsWith')
2025-07-10T15:50:54:     at connectionStringHasValidScheme (/home/gti/teamlens/backend_teamlens/node_modules/mongodb-connection-string-url/lib/index.js:9:30)
2025-07-10T15:50:54:     at new ConnectionString (/home/gti/teamlens/backend_teamlens/node_modules/mongodb-connection-string-url/lib/index.js:85:34)
2025-07-10T15:50:54:     at parseOptions (/home/gti/teamlens/backend_teamlens/node_modules/mongodb/lib/connection_string.js:191:17)
2025-07-10T15:50:54:     at new MongoClient (/home/gti/teamlens/backend_teamlens/node_modules/mongodb/lib/mongo_client.js:51:63)
2025-07-10T15:50:54:     at connectToDatabase (/home/gti/teamlens/backend_teamlens/build/services/database.service.js:184:22)
2025-07-10T15:50:54:     at Object.<anonymous> (/home/gti/teamlens/backend_teamlens/build/index.js:28:42)
2025-07-10T15:50:54:     at Module._compile (node:internal/modules/cjs/loader:1529:14)
2025-07-10T15:50:54:     at Module._extensions..js (node:internal/modules/cjs/loader:1613:10)
2025-07-10T15:50:54:     at Module.load (node:internal/modules/cjs/loader:1275:32)
2025-07-10T15:50:54:     at Module._load (node:internal/modules/cjs/loader:1096:12)
2025-07-10T15:50:55: ❌ [Database] Conexión fallida: TypeError: Cannot read properties of undefined (reading 'startsWith')
2025-07-10T15:50:55:     at connectionStringHasValidScheme (/home/gti/teamlens/backend_teamlens/node_modules/mongodb-connection-string-url/lib/index.js:9:30)
2025-07-10T15:50:55:     at new ConnectionString (/home/gti/teamlens/backend_teamlens/node_modules/mongodb-connection-string-url/lib/index.js:85:34)
2025-07-10T15:50:55:     at parseOptions (/home/gti/teamlens/backend_teamlens/node_modules/mongodb/lib/connection_string.js:191:17)
2025-07-10T15:50:55:     at new MongoClient (/home/gti/teamlens/backend_teamlens/node_modules/mongodb/lib/mongo_client.js:51:63)
2025-07-10T15:50:55:     at connectToDatabase (/home/gti/teamlens/backend_teamlens/build/services/database.service.js:184:22)
2025-07-10T15:50:55:     at Object.<anonymous> (/home/gti/teamlens/backend_teamlens/build/index.js:28:42)
2025-07-10T15:50:55:     at Module._compile (node:internal/modules/cjs/loader:1529:14)
2025-07-10T15:50:55:     at Module._extensions..js (node:internal/modules/cjs/loader:1613:10)
2025-07-10T15:50:55:     at Module.load (node:internal/modules/cjs/loader:1275:32)
2025-07-10T15:50:55:     at Module._load (node:internal/modules/cjs/loader:1096:12)
2025-07-10T15:50:56: ❌ [Database] Conexión fallida: TypeError: Cannot read properties of undefined (reading 'startsWith')
2025-07-10T15:50:56:     at connectionStringHasValidScheme (/home/gti/teamlens/backend_teamlens/node_modules/mongodb-connection-string-url/lib/index.js:9:30)
2025-07-10T15:50:56:     at new ConnectionString (/home/gti/teamlens/backend_teamlens/node_modules/mongodb-connection-string-url/lib/index.js:85:34)
2025-07-10T15:50:56:     at parseOptions (/home/gti/teamlens/backend_teamlens/node_modules/mongodb/lib/connection_string.js:191:17)
2025-07-10T15:50:56:     at new MongoClient (/home/gti/teamlens/backend_teamlens/node_modules/mongodb/lib/mongo_client.js:51:63)
2025-07-10T15:50:56:     at connectToDatabase (/home/gti/teamlens/backend_teamlens/build/services/database.service.js:184:22)
2025-07-10T15:50:56:     at Object.<anonymous> (/home/gti/teamlens/backend_teamlens/build/index.js:28:42)
2025-07-10T15:50:56:     at Module._compile (node:internal/modules/cjs/loader:1529:14)
2025-07-10T15:50:56:     at Module._extensions..js (node:internal/modules/cjs/loader:1613:10)
2025-07-10T15:50:56:     at Module.load (node:internal/modules/cjs/loader:1275:32)
2025-07-10T15:50:56:     at Module._load (node:internal/modules/cjs/loader:1096:12)
2025-07-10T15:50:57: ❌ [Database] Conexión fallida: TypeError: Cannot read properties of undefined (reading 'startsWith')
2025-07-10T15:50:57:     at connectionStringHasValidScheme (/home/gti/teamlens/backend_teamlens/node_modules/mongodb-connection-string-url/lib/index.js:9:30)
2025-07-10T15:50:57:     at new ConnectionString (/home/gti/teamlens/backend_teamlens/node_modules/mongodb-connection-string-url/lib/index.js:85:34)
2025-07-10T15:50:57:     at parseOptions (/home/gti/teamlens/backend_teamlens/node_modules/mongodb/lib/connection_string.js:191:17)
2025-07-10T15:50:57:     at new MongoClient (/home/gti/teamlens/backend_teamlens/node_modules/mongodb/lib/mongo_client.js:51:63)
2025-07-10T15:50:57:     at connectToDatabase (/home/gti/teamlens/backend_teamlens/build/services/database.service.js:184:22)
2025-07-10T15:50:57:     at Object.<anonymous> (/home/gti/teamlens/backend_teamlens/build/index.js:28:42)
2025-07-10T15:50:57:     at Module._compile (node:internal/modules/cjs/loader:1529:14)
2025-07-10T15:50:57:     at Module._extensions..js (node:internal/modules/cjs/loader:1613:10)
2025-07-10T15:50:57:     at Module.load (node:internal/modules/cjs/loader:1275:32)
2025-07-10T15:50:57:     at Module._load (node:internal/modules/cjs/loader:1096:12)
2025-07-10T15:50:58: ❌ [Database] Conexión fallida: TypeError: Cannot read properties of undefined (reading 'startsWith')
2025-07-10T15:50:58:     at connectionStringHasValidScheme (/home/gti/teamlens/backend_teamlens/node_modules/mongodb-connection-string-url/lib/index.js:9:30)
2025-07-10T15:50:58:     at new ConnectionString (/home/gti/teamlens/backend_teamlens/node_modules/mongodb-connection-string-url/lib/index.js:85:34)
2025-07-10T15:50:58:     at parseOptions (/home/gti/teamlens/backend_teamlens/node_modules/mongodb/lib/connection_string.js:191:17)
2025-07-10T15:50:58:     at new MongoClient (/home/gti/teamlens/backend_teamlens/node_modules/mongodb/lib/mongo_client.js:51:63)
2025-07-10T15:50:58:     at connectToDatabase (/home/gti/teamlens/backend_teamlens/build/services/database.service.js:184:22)
2025-07-10T15:50:58:     at Object.<anonymous> (/home/gti/teamlens/backend_teamlens/build/index.js:28:42)
2025-07-10T15:50:58:     at Module._compile (node:internal/modules/cjs/loader:1529:14)
2025-07-10T15:50:58:     at Module._extensions..js (node:internal/modules/cjs/loader:1613:10)
2025-07-10T15:50:58:     at Module.load (node:internal/modules/cjs/loader:1275:32)
2025-07-10T15:50:58:     at Module._load (node:internal/modules/cjs/loader:1096:12)
2025-07-10T15:50:59: ❌ [Database] Conexión fallida: TypeError: Cannot read properties of undefined (reading 'startsWith')
2025-07-10T15:50:59:     at connectionStringHasValidScheme (/home/gti/teamlens/backend_teamlens/node_modules/mongodb-connection-string-url/lib/index.js:9:30)
2025-07-10T15:50:59:     at new ConnectionString (/home/gti/teamlens/backend_teamlens/node_modules/mongodb-connection-string-url/lib/index.js:85:34)
2025-07-10T15:50:59:     at parseOptions (/home/gti/teamlens/backend_teamlens/node_modules/mongodb/lib/connection_string.js:191:17)
2025-07-10T15:50:59:     at new MongoClient (/home/gti/teamlens/backend_teamlens/node_modules/mongodb/lib/mongo_client.js:51:63)
2025-07-10T15:50:59:     at connectToDatabase (/home/gti/teamlens/backend_teamlens/build/services/database.service.js:184:22)
2025-07-10T15:50:59:     at Object.<anonymous> (/home/gti/teamlens/backend_teamlens/build/index.js:28:42)
2025-07-10T15:50:59:     at Module._compile (node:internal/modules/cjs/loader:1529:14)
2025-07-10T15:50:59:     at Module._extensions..js (node:internal/modules/cjs/loader:1613:10)
2025-07-10T15:50:59:     at Module.load (node:internal/modules/cjs/loader:1275:32)
2025-07-10T15:50:59:     at Module._load (node:internal/modules/cjs/loader:1096:12)
2025-07-10T15:50:59: ❌ [Database] Conexión fallida: TypeError: Cannot read properties of undefined (reading 'startsWith')
2025-07-10T15:50:59:     at connectionStringHasValidScheme (/home/gti/teamlens/backend_teamlens/node_modules/mongodb-connection-string-url/lib/index.js:9:30)
2025-07-10T15:50:59:     at new ConnectionString (/home/gti/teamlens/backend_teamlens/node_modules/mongodb-connection-string-url/lib/index.js:85:34)
2025-07-10T15:50:59:     at parseOptions (/home/gti/teamlens/backend_teamlens/node_modules/mongodb/lib/connection_string.js:191:17)
2025-07-10T15:50:59:     at new MongoClient (/home/gti/teamlens/backend_teamlens/node_modules/mongodb/lib/mongo_client.js:51:63)
2025-07-10T15:50:59:     at connectToDatabase (/home/gti/teamlens/backend_teamlens/build/services/database.service.js:184:22)
2025-07-10T15:50:59:     at Object.<anonymous> (/home/gti/teamlens/backend_teamlens/build/index.js:28:42)
2025-07-10T15:50:59:     at Module._compile (node:internal/modules/cjs/loader:1529:14)
2025-07-10T15:50:59:     at Module._extensions..js (node:internal/modules/cjs/loader:1613:10)
2025-07-10T15:50:59:     at Module.load (node:internal/modules/cjs/loader:1275:32)
2025-07-10T15:50:59:     at Module._load (node:internal/modules/cjs/loader:1096:12)
2025-07-10T15:51:00: ❌ [Database] Conexión fallida: TypeError: Cannot read properties of undefined (reading 'startsWith')
2025-07-10T15:51:00:     at connectionStringHasValidScheme (/home/gti/teamlens/backend_teamlens/node_modules/mongodb-connection-string-url/lib/index.js:9:30)
2025-07-10T15:51:00:     at new ConnectionString (/home/gti/teamlens/backend_teamlens/node_modules/mongodb-connection-string-url/lib/index.js:85:34)
2025-07-10T15:51:00:     at parseOptions (/home/gti/teamlens/backend_teamlens/node_modules/mongodb/lib/connection_string.js:191:17)
2025-07-10T15:51:00:     at new MongoClient (/home/gti/teamlens/backend_teamlens/node_modules/mongodb/lib/mongo_client.js:51:63)
2025-07-10T15:51:00:     at connectToDatabase (/home/gti/teamlens/backend_teamlens/build/services/database.service.js:184:22)
2025-07-10T15:51:00:     at Object.<anonymous> (/home/gti/teamlens/backend_teamlens/build/index.js:28:42)
2025-07-10T15:51:00:     at Module._compile (node:internal/modules/cjs/loader:1529:14)
2025-07-10T15:51:00:     at Module._extensions..js (node:internal/modules/cjs/loader:1613:10)
2025-07-10T15:51:00:     at Module.load (node:internal/modules/cjs/loader:1275:32)
2025-07-10T15:51:00:     at Module._load (node:internal/modules/cjs/loader:1096:12)
2025-07-10T15:51:01: ❌ [Database] Conexión fallida: TypeError: Cannot read properties of undefined (reading 'startsWith')
2025-07-10T15:51:01:     at connectionStringHasValidScheme (/home/gti/teamlens/backend_teamlens/node_modules/mongodb-connection-string-url/lib/index.js:9:30)
2025-07-10T15:51:01:     at new ConnectionString (/home/gti/teamlens/backend_teamlens/node_modules/mongodb-connection-string-url/lib/index.js:85:34)
2025-07-10T15:51:01:     at parseOptions (/home/gti/teamlens/backend_teamlens/node_modules/mongodb/lib/connection_string.js:191:17)
2025-07-10T15:51:01:     at new MongoClient (/home/gti/teamlens/backend_teamlens/node_modules/mongodb/lib/mongo_client.js:51:63)
2025-07-10T15:51:01:     at connectToDatabase (/home/gti/teamlens/backend_teamlens/build/services/database.service.js:184:22)
2025-07-10T15:51:01:     at Object.<anonymous> (/home/gti/teamlens/backend_teamlens/build/index.js:28:42)
2025-07-10T15:51:01:     at Module._compile (node:internal/modules/cjs/loader:1529:14)
2025-07-10T15:51:01:     at Module._extensions..js (node:internal/modules/cjs/loader:1613:10)
2025-07-10T15:51:01:     at Module.load (node:internal/modules/cjs/loader:1275:32)
2025-07-10T15:51:01:     at Module._load (node:internal/modules/cjs/loader:1096:12)
2025-07-10T15:53:51: ❌ [Database] Conexión fallida: TypeError: Cannot read properties of undefined (reading 'startsWith')
2025-07-10T15:53:51:     at connectionStringHasValidScheme (/home/gti/teamlens/backend_teamlens/node_modules/mongodb-connection-string-url/lib/index.js:9:30)
2025-07-10T15:53:51:     at new ConnectionString (/home/gti/teamlens/backend_teamlens/node_modules/mongodb-connection-string-url/lib/index.js:85:34)
2025-07-10T15:53:51:     at parseOptions (/home/gti/teamlens/backend_teamlens/node_modules/mongodb/lib/connection_string.js:191:17)
2025-07-10T15:53:51:     at new MongoClient (/home/gti/teamlens/backend_teamlens/node_modules/mongodb/lib/mongo_client.js:51:63)
2025-07-10T15:53:51:     at connectToDatabase (/home/gti/teamlens/backend_teamlens/build/services/database.service.js:184:22)
2025-07-10T15:53:51:     at Object.<anonymous> (/home/gti/teamlens/backend_teamlens/build/index.js:28:42)
2025-07-10T15:53:51:     at Module._compile (node:internal/modules/cjs/loader:1529:14)
2025-07-10T15:53:51:     at Module._extensions..js (node:internal/modules/cjs/loader:1613:10)
2025-07-10T15:53:51:     at Module.load (node:internal/modules/cjs/loader:1275:32)
2025-07-10T15:53:51:     at Module._load (node:internal/modules/cjs/loader:1096:12)
2025-07-10T15:53:55: ❌ [Database] Conexión fallida: TypeError: Cannot read properties of undefined (reading 'startsWith')
2025-07-10T15:53:55:     at connectionStringHasValidScheme (/home/gti/teamlens/backend_teamlens/node_modules/mongodb-connection-string-url/lib/index.js:9:30)
2025-07-10T15:53:55:     at new ConnectionString (/home/gti/teamlens/backend_teamlens/node_modules/mongodb-connection-string-url/lib/index.js:85:34)
2025-07-10T15:53:55:     at parseOptions (/home/gti/teamlens/backend_teamlens/node_modules/mongodb/lib/connection_string.js:191:17)
2025-07-10T15:53:55:     at new MongoClient (/home/gti/teamlens/backend_teamlens/node_modules/mongodb/lib/mongo_client.js:51:63)
2025-07-10T15:53:55:     at connectToDatabase (/home/gti/teamlens/backend_teamlens/build/services/database.service.js:184:22)
2025-07-10T15:53:55:     at Object.<anonymous> (/home/gti/teamlens/backend_teamlens/build/index.js:28:42)
2025-07-10T15:53:55:     at Module._compile (node:internal/modules/cjs/loader:1529:14)
2025-07-10T15:53:55:     at Module._extensions..js (node:internal/modules/cjs/loader:1613:10)
2025-07-10T15:53:55:     at Module.load (node:internal/modules/cjs/loader:1275:32)
2025-07-10T15:53:55:     at Module._load (node:internal/modules/cjs/loader:1096:12)
2025-07-10T15:53:58: ❌ [Database] Conexión fallida: TypeError: Cannot read properties of undefined (reading 'startsWith')
2025-07-10T15:53:58:     at connectionStringHasValidScheme (/home/gti/teamlens/backend_teamlens/node_modules/mongodb-connection-string-url/lib/index.js:9:30)
2025-07-10T15:53:58:     at new ConnectionString (/home/gti/teamlens/backend_teamlens/node_modules/mongodb-connection-string-url/lib/index.js:85:34)
2025-07-10T15:53:58:     at parseOptions (/home/gti/teamlens/backend_teamlens/node_modules/mongodb/lib/connection_string.js:191:17)
2025-07-10T15:53:58:     at new MongoClient (/home/gti/teamlens/backend_teamlens/node_modules/mongodb/lib/mongo_client.js:51:63)
2025-07-10T15:53:58:     at connectToDatabase (/home/gti/teamlens/backend_teamlens/build/services/database.service.js:184:22)
2025-07-10T15:53:58:     at Object.<anonymous> (/home/gti/teamlens/backend_teamlens/build/index.js:28:42)
2025-07-10T15:53:58:     at Module._compile (node:internal/modules/cjs/loader:1529:14)
2025-07-10T15:53:58:     at Module._extensions..js (node:internal/modules/cjs/loader:1613:10)
2025-07-10T15:53:58:     at Module.load (node:internal/modules/cjs/loader:1275:32)
2025-07-10T15:53:58:     at Module._load (node:internal/modules/cjs/loader:1096:12)
2025-07-10T15:54:02: ❌ [Database] Conexión fallida: TypeError: Cannot read properties of undefined (reading 'startsWith')
2025-07-10T15:54:02:     at connectionStringHasValidScheme (/home/gti/teamlens/backend_teamlens/node_modules/mongodb-connection-string-url/lib/index.js:9:30)
2025-07-10T15:54:02:     at new ConnectionString (/home/gti/teamlens/backend_teamlens/node_modules/mongodb-connection-string-url/lib/index.js:85:34)
2025-07-10T15:54:02:     at parseOptions (/home/gti/teamlens/backend_teamlens/node_modules/mongodb/lib/connection_string.js:191:17)
2025-07-10T15:54:02:     at new MongoClient (/home/gti/teamlens/backend_teamlens/node_modules/mongodb/lib/mongo_client.js:51:63)
2025-07-10T15:54:02:     at connectToDatabase (/home/gti/teamlens/backend_teamlens/build/services/database.service.js:184:22)
2025-07-10T15:54:02:     at Object.<anonymous> (/home/gti/teamlens/backend_teamlens/build/index.js:28:42)
2025-07-10T15:54:02:     at Module._compile (node:internal/modules/cjs/loader:1529:14)
2025-07-10T15:54:02:     at Module._extensions..js (node:internal/modules/cjs/loader:1613:10)
2025-07-10T15:54:02:     at Module.load (node:internal/modules/cjs/loader:1275:32)
2025-07-10T15:54:02:     at Module._load (node:internal/modules/cjs/loader:1096:12)
2025-07-10T15:54:06: ❌ [Database] Conexión fallida: TypeError: Cannot read properties of undefined (reading 'startsWith')
2025-07-10T15:54:06:     at connectionStringHasValidScheme (/home/gti/teamlens/backend_teamlens/node_modules/mongodb-connection-string-url/lib/index.js:9:30)
2025-07-10T15:54:06:     at new ConnectionString (/home/gti/teamlens/backend_teamlens/node_modules/mongodb-connection-string-url/lib/index.js:85:34)
2025-07-10T15:54:06:     at parseOptions (/home/gti/teamlens/backend_teamlens/node_modules/mongodb/lib/connection_string.js:191:17)
2025-07-10T15:54:06:     at new MongoClient (/home/gti/teamlens/backend_teamlens/node_modules/mongodb/lib/mongo_client.js:51:63)
2025-07-10T15:54:06:     at connectToDatabase (/home/gti/teamlens/backend_teamlens/build/services/database.service.js:184:22)
2025-07-10T15:54:06:     at Object.<anonymous> (/home/gti/teamlens/backend_teamlens/build/index.js:28:42)
2025-07-10T15:54:06:     at Module._compile (node:internal/modules/cjs/loader:1529:14)
2025-07-10T15:54:06:     at Module._extensions..js (node:internal/modules/cjs/loader:1613:10)
2025-07-10T15:54:06:     at Module.load (node:internal/modules/cjs/loader:1275:32)
2025-07-10T15:54:06:     at Module._load (node:internal/modules/cjs/loader:1096:12)
2025-07-10T15:54:10: ❌ [Database] Conexión fallida: TypeError: Cannot read properties of undefined (reading 'startsWith')
2025-07-10T15:54:10:     at connectionStringHasValidScheme (/home/gti/teamlens/backend_teamlens/node_modules/mongodb-connection-string-url/lib/index.js:9:30)
2025-07-10T15:54:10:     at new ConnectionString (/home/gti/teamlens/backend_teamlens/node_modules/mongodb-connection-string-url/lib/index.js:85:34)
2025-07-10T15:54:10:     at parseOptions (/home/gti/teamlens/backend_teamlens/node_modules/mongodb/lib/connection_string.js:191:17)
2025-07-10T15:54:10:     at new MongoClient (/home/gti/teamlens/backend_teamlens/node_modules/mongodb/lib/mongo_client.js:51:63)
2025-07-10T15:54:10:     at connectToDatabase (/home/gti/teamlens/backend_teamlens/build/services/database.service.js:184:22)
2025-07-10T15:54:10:     at Object.<anonymous> (/home/gti/teamlens/backend_teamlens/build/index.js:28:42)
2025-07-10T15:54:10:     at Module._compile (node:internal/modules/cjs/loader:1529:14)
2025-07-10T15:54:10:     at Module._extensions..js (node:internal/modules/cjs/loader:1613:10)
2025-07-10T15:54:10:     at Module.load (node:internal/modules/cjs/loader:1275:32)
2025-07-10T15:54:10:     at Module._load (node:internal/modules/cjs/loader:1096:12)
2025-07-10T15:54:14: ❌ [Database] Conexión fallida: TypeError: Cannot read properties of undefined (reading 'startsWith')
2025-07-10T15:54:14:     at connectionStringHasValidScheme (/home/gti/teamlens/backend_teamlens/node_modules/mongodb-connection-string-url/lib/index.js:9:30)
2025-07-10T15:54:14:     at new ConnectionString (/home/gti/teamlens/backend_teamlens/node_modules/mongodb-connection-string-url/lib/index.js:85:34)
2025-07-10T15:54:14:     at parseOptions (/home/gti/teamlens/backend_teamlens/node_modules/mongodb/lib/connection_string.js:191:17)
2025-07-10T15:54:14:     at new MongoClient (/home/gti/teamlens/backend_teamlens/node_modules/mongodb/lib/mongo_client.js:51:63)
2025-07-10T15:54:14:     at connectToDatabase (/home/gti/teamlens/backend_teamlens/build/services/database.service.js:184:22)
2025-07-10T15:54:14:     at Object.<anonymous> (/home/gti/teamlens/backend_teamlens/build/index.js:28:42)
2025-07-10T15:54:14:     at Module._compile (node:internal/modules/cjs/loader:1529:14)
2025-07-10T15:54:14:     at Module._extensions..js (node:internal/modules/cjs/loader:1613:10)
2025-07-10T15:54:14:     at Module.load (node:internal/modules/cjs/loader:1275:32)
2025-07-10T15:54:14:     at Module._load (node:internal/modules/cjs/loader:1096:12)
